--
-- PostgreSQL database dump
--

-- Dumped from database version 11.5 (Ubuntu 11.5-0ubuntu0.19.04.1)
-- Dumped by pg_dump version 11.5 (Ubuntu 11.5-0ubuntu0.19.04.1)

SET statement_timeout = 0;
SET lock_timeout = 0;
SET idle_in_transaction_session_timeout = 0;
SET client_encoding = 'UTF8';
SET standard_conforming_strings = on;
SELECT pg_catalog.set_config('search_path', '', false);
SET check_function_bodies = false;
SET xmloption = content;
SET client_min_messages = warning;
SET row_security = off;

--
-- Name: lock; Type: TYPE; Schema: public; Owner: postgres
--

CREATE TYPE public.lock AS ENUM (
    'Locked',
    'Unlocked'
);


ALTER TYPE public.lock OWNER TO postgres;

--
-- Name: pin; Type: TYPE; Schema: public; Owner: postgres
--

CREATE TYPE public.pin AS ENUM (
    'Pinned',
    'Unpinned'
);


ALTER TYPE public.pin OWNER TO postgres;

--
-- Name: read; Type: TYPE; Schema: public; Owner: postgres
--

CREATE TYPE public.read AS ENUM (
    'read',
    'unread'
);


ALTER TYPE public.read OWNER TO postgres;

--
-- Name: repo_type; Type: TYPE; Schema: public; Owner: postgres
--

CREATE TYPE public.repo_type AS ENUM (
    'private',
    'public'
);


ALTER TYPE public.repo_type OWNER TO postgres;

--
-- Name: status; Type: TYPE; Schema: public; Owner: postgres
--

CREATE TYPE public.status AS ENUM (
    'Open',
    'Closed'
);


ALTER TYPE public.status OWNER TO postgres;

SET default_tablespace = '';

SET default_with_oids = false;

--
-- Name: collaborators; Type: TABLE; Schema: public; Owner: postgres
--

CREATE TABLE public.collaborators (
    repo_id uuid,
    user_id uuid
);


ALTER TABLE public.collaborators OWNER TO postgres;

--
-- Name: comments; Type: TABLE; Schema: public; Owner: postgres
--

CREATE TABLE public.comments (
    id bigint NOT NULL,
    user_id uuid,
    body character varying(3000) NOT NULL,
    issue_id bigint,
    repo_id uuid,
    created_at timestamp without time zone NOT NULL,
    updated_at timestamp without time zone NOT NULL
);


ALTER TABLE public.comments OWNER TO postgres;

--
-- Name: comments_id_seq; Type: SEQUENCE; Schema: public; Owner: postgres
--

CREATE SEQUENCE public.comments_id_seq
    START WITH 1
    INCREMENT BY 1
    NO MINVALUE
    NO MAXVALUE
    CACHE 1;


ALTER TABLE public.comments_id_seq OWNER TO postgres;

--
-- Name: comments_id_seq; Type: SEQUENCE OWNED BY; Schema: public; Owner: postgres
--

ALTER SEQUENCE public.comments_id_seq OWNED BY public.comments.id;


--
-- Name: cookies; Type: TABLE; Schema: public; Owner: postgres
--

CREATE TABLE public.cookies (
    id uuid NOT NULL,
    user_id uuid,
    created_at timestamp without time zone NOT NULL,
    expires_at timestamp without time zone NOT NULL
);


ALTER TABLE public.cookies OWNER TO postgres;

--
-- Name: issues; Type: TABLE; Schema: public; Owner: postgres
--

CREATE TABLE public.issues (
    id bigint NOT NULL,
    title character varying(500) NOT NULL,
    user_id uuid,
    body character varying(3000) NOT NULL,
    repo_id uuid,
    issue_number bigint NOT NULL,
    created_at timestamp without time zone NOT NULL,
    updated_at timestamp without time zone NOT NULL,
    pinned public.pin,
    status public.status,
    lock public.lock
);


ALTER TABLE public.issues OWNER TO postgres;

--
-- Name: issues_id_seq; Type: SEQUENCE; Schema: public; Owner: postgres
--

CREATE SEQUENCE public.issues_id_seq
    START WITH 1
    INCREMENT BY 1
    NO MINVALUE
    NO MAXVALUE
    CACHE 1;


ALTER TABLE public.issues_id_seq OWNER TO postgres;

--
-- Name: issues_id_seq; Type: SEQUENCE OWNED BY; Schema: public; Owner: postgres
--

ALTER SEQUENCE public.issues_id_seq OWNED BY public.issues.id;


--
-- Name: notifications; Type: TABLE; Schema: public; Owner: postgres
--

CREATE TABLE public.notifications (
    id bigint NOT NULL,
    read public.read NOT NULL,
    created_at timestamp without time zone NOT NULL,
    issue_id bigint,
    user_id uuid,
    repo_id uuid
);


ALTER TABLE public.notifications OWNER TO postgres;

--
-- Name: notifications_id_seq; Type: SEQUENCE; Schema: public; Owner: postgres
--

CREATE SEQUENCE public.notifications_id_seq
    START WITH 1
    INCREMENT BY 1
    NO MINVALUE
    NO MAXVALUE
    CACHE 1;


ALTER TABLE public.notifications_id_seq OWNER TO postgres;

--
-- Name: notifications_id_seq; Type: SEQUENCE OWNED BY; Schema: public; Owner: postgres
--

ALTER SEQUENCE public.notifications_id_seq OWNED BY public.notifications.id;


--
-- Name: repos; Type: TABLE; Schema: public; Owner: postgres
--

CREATE TABLE public.repos (
    id uuid NOT NULL,
    name character varying(200) NOT NULL,
    user_id uuid,
    issue_count bigint NOT NULL,
    created_at timestamp without time zone NOT NULL,
    updated_at timestamp without time zone NOT NULL,
    description character varying(300),
    type public.repo_type
);


ALTER TABLE public.repos OWNER TO postgres;

--
-- Name: users; Type: TABLE; Schema: public; Owner: postgres
--

CREATE TABLE public.users (
    id uuid NOT NULL,
    name character varying(500) NOT NULL,
    username character varying(100) NOT NULL,
    email character varying(100) NOT NULL,
    created_at timestamp without time zone NOT NULL,
    updated_at timestamp without time zone NOT NULL,
    password character varying(300),
    image text
);


ALTER TABLE public.users OWNER TO postgres;

--
-- Name: comments id; Type: DEFAULT; Schema: public; Owner: postgres
--

ALTER TABLE ONLY public.comments ALTER COLUMN id SET DEFAULT nextval('public.comments_id_seq'::regclass);


--
-- Name: issues id; Type: DEFAULT; Schema: public; Owner: postgres
--

ALTER TABLE ONLY public.issues ALTER COLUMN id SET DEFAULT nextval('public.issues_id_seq'::regclass);


--
-- Name: notifications id; Type: DEFAULT; Schema: public; Owner: postgres
--

ALTER TABLE ONLY public.notifications ALTER COLUMN id SET DEFAULT nextval('public.notifications_id_seq'::regclass);


--
-- Data for Name: collaborators; Type: TABLE DATA; Schema: public; Owner: postgres
--

COPY public.collaborators (repo_id, user_id) FROM stdin;
6c129d46-49a0-48f9-ac67-c6e2922ef35d	0e3c90e1-2996-44ca-82e5-83c44d19f8c0
6c129d46-49a0-48f9-ac67-c6e2922ef35d	4b0c3664-93b3-4016-82a9-a474f6f6cb05
18a4eb68-dc90-414b-ab1a-52fa28a92c1d	4b0c3664-93b3-4016-82a9-a474f6f6cb05
f4436180-46d5-42fe-b0db-8a25d745d685	0e3c90e1-2996-44ca-82e5-83c44d19f8c0
4906248b-447f-4d29-a445-ffe313f9e53e	0e3c90e1-2996-44ca-82e5-83c44d19f8c0
d360c6f3-60dc-4846-bb6a-0919a1817d5e	4b0c3664-93b3-4016-82a9-a474f6f6cb05
93327cea-5c16-476b-a267-f72395a4c1c6	0e3c90e1-2996-44ca-82e5-83c44d19f8c0
04c38f54-36ac-4e6f-a86f-c721efec224a	4b0c3664-93b3-4016-82a9-a474f6f6cb05
030b76b1-15b6-4c99-b49e-9919758dc1eb	4b0c3664-93b3-4016-82a9-a474f6f6cb05
030b76b1-15b6-4c99-b49e-9919758dc1eb	43c36a04-707d-4ef8-abd2-875784aee0e0
030b76b1-15b6-4c99-b49e-9919758dc1eb	4f4f8d10-2e65-4985-ba8f-17535bef8532
9a619743-1eb8-4c09-9aa7-2bb7bbc76f72	0e3c90e1-2996-44ca-82e5-83c44d19f8c0
93327cea-5c16-476b-a267-f72395a4c1c6	b404da8a-a9ce-433a-be52-44610850d2d6
\.


--
-- Data for Name: comments; Type: TABLE DATA; Schema: public; Owner: postgres
--

COPY public.comments (id, user_id, body, issue_id, repo_id, created_at, updated_at) FROM stdin;
1	ac6f8b68-8f31-48ea-a436-05b9813b484b	a new comment has been created in the database	1	d360c6f3-60dc-4846-bb6a-0919a1817d5e	2019-06-20 12:19:20	2019-06-20 12:19:20
72	14c3c3d5-6c5e-41cb-9af4-cc6e99c0dff1	ASAsa	32	9a619743-1eb8-4c09-9aa7-2bb7bbc76f72	2019-07-06 23:40:39	2019-07-06 23:40:39
3	ac6f8b68-8f31-48ea-a436-05b9813b484b	Second Attempt	1	d360c6f3-60dc-4846-bb6a-0919a1817d5e	2019-06-25 23:50:25	2019-06-25 23:50:25
4	ac6f8b68-8f31-48ea-a436-05b9813b484b	Test	1	d360c6f3-60dc-4846-bb6a-0919a1817d5e	2019-06-25 23:51:01	2019-06-25 23:51:01
5	ac6f8b68-8f31-48ea-a436-05b9813b484b	Testst	1	d360c6f3-60dc-4846-bb6a-0919a1817d5e	2019-06-25 23:52:22	2019-06-25 23:52:22
6	ac6f8b68-8f31-48ea-a436-05b9813b484b	Test1	1	d360c6f3-60dc-4846-bb6a-0919a1817d5e	2019-06-25 23:58:44	2019-06-25 23:58:44
7	ac6f8b68-8f31-48ea-a436-05b9813b484b	Test2	1	d360c6f3-60dc-4846-bb6a-0919a1817d5e	2019-06-26 00:00:30	2019-06-26 00:00:30
8	ac6f8b68-8f31-48ea-a436-05b9813b484b	Test2	1	d360c6f3-60dc-4846-bb6a-0919a1817d5e	2019-06-26 00:00:41	2019-06-26 00:00:41
9	ac6f8b68-8f31-48ea-a436-05b9813b484b	Testst	1	d360c6f3-60dc-4846-bb6a-0919a1817d5e	2019-06-26 00:01:30	2019-06-26 00:01:30
22	ac6f8b68-8f31-48ea-a436-05b9813b484b	asdasd	5	d360c6f3-60dc-4846-bb6a-0919a1817d5e	2019-06-27 19:15:37	2019-06-27 19:15:37
23	ac6f8b68-8f31-48ea-a436-05b9813b484b	zxDasd	5	d360c6f3-60dc-4846-bb6a-0919a1817d5e	2019-06-27 19:18:50	2019-06-27 19:18:50
24	ac6f8b68-8f31-48ea-a436-05b9813b484b		1	d360c6f3-60dc-4846-bb6a-0919a1817d5e	2019-06-27 19:25:37	2019-06-27 19:25:37
25	ac6f8b68-8f31-48ea-a436-05b9813b484b		1	d360c6f3-60dc-4846-bb6a-0919a1817d5e	2019-06-27 19:27:44	2019-06-27 19:27:44
26	ac6f8b68-8f31-48ea-a436-05b9813b484b		5	d360c6f3-60dc-4846-bb6a-0919a1817d5e	2019-06-27 19:28:37	2019-06-27 19:28:37
27	ac6f8b68-8f31-48ea-a436-05b9813b484b		5	d360c6f3-60dc-4846-bb6a-0919a1817d5e	2019-06-27 19:29:36	2019-06-27 19:29:36
28	ac6f8b68-8f31-48ea-a436-05b9813b484b		1	d360c6f3-60dc-4846-bb6a-0919a1817d5e	2019-06-27 19:30:21	2019-06-27 19:30:21
29	ac6f8b68-8f31-48ea-a436-05b9813b484b		5	d360c6f3-60dc-4846-bb6a-0919a1817d5e	2019-06-27 19:33:03	2019-06-27 19:33:03
30	ac6f8b68-8f31-48ea-a436-05b9813b484b		5	d360c6f3-60dc-4846-bb6a-0919a1817d5e	2019-06-27 19:33:05	2019-06-27 19:33:05
31	ac6f8b68-8f31-48ea-a436-05b9813b484b		5	d360c6f3-60dc-4846-bb6a-0919a1817d5e	2019-06-27 19:36:11	2019-06-27 19:36:11
32	ac6f8b68-8f31-48ea-a436-05b9813b484b		5	d360c6f3-60dc-4846-bb6a-0919a1817d5e	2019-06-27 19:36:19	2019-06-27 19:36:19
33	ac6f8b68-8f31-48ea-a436-05b9813b484b		5	d360c6f3-60dc-4846-bb6a-0919a1817d5e	2019-06-27 19:36:30	2019-06-27 19:36:30
34	ac6f8b68-8f31-48ea-a436-05b9813b484b		5	d360c6f3-60dc-4846-bb6a-0919a1817d5e	2019-06-27 19:46:31	2019-06-27 19:46:31
35	ac6f8b68-8f31-48ea-a436-05b9813b484b		5	d360c6f3-60dc-4846-bb6a-0919a1817d5e	2019-06-27 23:47:34	2019-06-27 23:47:34
36	ac6f8b68-8f31-48ea-a436-05b9813b484b		5	d360c6f3-60dc-4846-bb6a-0919a1817d5e	2019-06-27 23:47:47	2019-06-27 23:47:47
37	ac6f8b68-8f31-48ea-a436-05b9813b484b		5	d360c6f3-60dc-4846-bb6a-0919a1817d5e	2019-06-27 23:50:41	2019-06-27 23:50:41
38	ac6f8b68-8f31-48ea-a436-05b9813b484b		3	d360c6f3-60dc-4846-bb6a-0919a1817d5e	2019-06-28 10:33:33	2019-06-28 10:33:33
39	ac6f8b68-8f31-48ea-a436-05b9813b484b		3	d360c6f3-60dc-4846-bb6a-0919a1817d5e	2019-06-28 10:33:38	2019-06-28 10:33:38
40	ac6f8b68-8f31-48ea-a436-05b9813b484b		4	d360c6f3-60dc-4846-bb6a-0919a1817d5e	2019-07-03 22:53:25	2019-07-03 22:53:25
41	ac6f8b68-8f31-48ea-a436-05b9813b484b	reree	4	d360c6f3-60dc-4846-bb6a-0919a1817d5e	2019-07-03 22:53:53	2019-07-03 22:53:53
42	ac6f8b68-8f31-48ea-a436-05b9813b484b		5	d360c6f3-60dc-4846-bb6a-0919a1817d5e	2019-07-03 22:54:34	2019-07-03 22:54:34
43	ac6f8b68-8f31-48ea-a436-05b9813b484b		6	d360c6f3-60dc-4846-bb6a-0919a1817d5e	2019-07-03 22:55:00	2019-07-03 22:55:00
44	ac6f8b68-8f31-48ea-a436-05b9813b484b		7	d360c6f3-60dc-4846-bb6a-0919a1817d5e	2019-07-03 22:58:42	2019-07-03 22:58:42
45	ac6f8b68-8f31-48ea-a436-05b9813b484b	test	7	d360c6f3-60dc-4846-bb6a-0919a1817d5e	2019-07-03 22:58:47	2019-07-03 22:58:47
46	ac6f8b68-8f31-48ea-a436-05b9813b484b	test	7	d360c6f3-60dc-4846-bb6a-0919a1817d5e	2019-07-03 22:59:01	2019-07-03 22:59:01
47	ac6f8b68-8f31-48ea-a436-05b9813b484b	testtt	7	d360c6f3-60dc-4846-bb6a-0919a1817d5e	2019-07-03 23:04:54	2019-07-03 23:04:54
48	ac6f8b68-8f31-48ea-a436-05b9813b484b	ssssssssssssssssssssssss	24	d360c6f3-60dc-4846-bb6a-0919a1817d5e	2019-07-03 23:05:41	2019-07-03 23:05:41
49	ac6f8b68-8f31-48ea-a436-05b9813b484b		24	d360c6f3-60dc-4846-bb6a-0919a1817d5e	2019-07-03 23:05:42	2019-07-03 23:05:42
50	ac6f8b68-8f31-48ea-a436-05b9813b484b	eweeeeeeeeeeee	24	d360c6f3-60dc-4846-bb6a-0919a1817d5e	2019-07-03 23:05:55	2019-07-03 23:05:55
51	ac6f8b68-8f31-48ea-a436-05b9813b484b		24	d360c6f3-60dc-4846-bb6a-0919a1817d5e	2019-07-03 23:05:59	2019-07-03 23:05:59
52	ac6f8b68-8f31-48ea-a436-05b9813b484b	reee	24	d360c6f3-60dc-4846-bb6a-0919a1817d5e	2019-07-03 23:07:33	2019-07-03 23:07:33
53	ac6f8b68-8f31-48ea-a436-05b9813b484b	yyyyyyyyyyyy	24	d360c6f3-60dc-4846-bb6a-0919a1817d5e	2019-07-05 12:40:06	2019-07-05 12:40:06
54	ac6f8b68-8f31-48ea-a436-05b9813b484b	yyyyyyyyyy	27	d360c6f3-60dc-4846-bb6a-0919a1817d5e	2019-07-05 12:40:47	2019-07-05 12:40:47
55	9aa0892c-5bf0-4287-9108-ee89837e4c96	fASDSDASD	28	eabda976-8722-47eb-a14c-4e6b686dad34	2019-07-06 11:30:45	2019-07-06 11:30:45
56	9aa0892c-5bf0-4287-9108-ee89837e4c96	SDASDASD	28	eabda976-8722-47eb-a14c-4e6b686dad34	2019-07-06 11:31:29	2019-07-06 11:31:29
57	9aa0892c-5bf0-4287-9108-ee89837e4c96	Hello another user\r\n	32	9a619743-1eb8-4c09-9aa7-2bb7bbc76f72	2019-07-06 11:49:39	2019-07-06 11:49:39
58	9aa0892c-5bf0-4287-9108-ee89837e4c96	sdasd\r\n\r\nsdasd\r\n	32	9a619743-1eb8-4c09-9aa7-2bb7bbc76f72	2019-07-06 11:49:52	2019-07-06 11:49:52
59	9aa0892c-5bf0-4287-9108-ee89837e4c96	asdasd	32	9a619743-1eb8-4c09-9aa7-2bb7bbc76f72	2019-07-06 11:50:09	2019-07-06 11:50:09
60	9aa0892c-5bf0-4287-9108-ee89837e4c96	asdasd	32	9a619743-1eb8-4c09-9aa7-2bb7bbc76f72	2019-07-06 11:50:34	2019-07-06 11:50:34
61	9aa0892c-5bf0-4287-9108-ee89837e4c96	adsasd	32	9a619743-1eb8-4c09-9aa7-2bb7bbc76f72	2019-07-06 11:52:45	2019-07-06 11:52:45
62	9aa0892c-5bf0-4287-9108-ee89837e4c96	daere	32	9a619743-1eb8-4c09-9aa7-2bb7bbc76f72	2019-07-06 11:54:01	2019-07-06 11:54:01
63	14c3c3d5-6c5e-41cb-9af4-cc6e99c0dff1	sdasd	32	9a619743-1eb8-4c09-9aa7-2bb7bbc76f72	2019-07-06 23:12:53	2019-07-06 23:12:53
64	14c3c3d5-6c5e-41cb-9af4-cc6e99c0dff1	ASAsa	32	9a619743-1eb8-4c09-9aa7-2bb7bbc76f72	2019-07-06 23:13:06	2019-07-06 23:13:06
65	14c3c3d5-6c5e-41cb-9af4-cc6e99c0dff1	ASAsa	32	9a619743-1eb8-4c09-9aa7-2bb7bbc76f72	2019-07-06 23:14:04	2019-07-06 23:14:04
66	14c3c3d5-6c5e-41cb-9af4-cc6e99c0dff1	ASAsa	32	9a619743-1eb8-4c09-9aa7-2bb7bbc76f72	2019-07-06 23:14:18	2019-07-06 23:14:18
67	14c3c3d5-6c5e-41cb-9af4-cc6e99c0dff1	ASAsa	32	9a619743-1eb8-4c09-9aa7-2bb7bbc76f72	2019-07-06 23:14:21	2019-07-06 23:14:21
68	14c3c3d5-6c5e-41cb-9af4-cc6e99c0dff1	ASAsa	32	9a619743-1eb8-4c09-9aa7-2bb7bbc76f72	2019-07-06 23:14:22	2019-07-06 23:14:22
69	14c3c3d5-6c5e-41cb-9af4-cc6e99c0dff1	ASAsa	32	9a619743-1eb8-4c09-9aa7-2bb7bbc76f72	2019-07-06 23:14:22	2019-07-06 23:14:22
70	14c3c3d5-6c5e-41cb-9af4-cc6e99c0dff1	kjhui	25	d360c6f3-60dc-4846-bb6a-0919a1817d5e	2019-07-06 23:33:02	2019-07-06 23:33:02
71	14c3c3d5-6c5e-41cb-9af4-cc6e99c0dff1	jjjjjjjjj	32	9a619743-1eb8-4c09-9aa7-2bb7bbc76f72	2019-07-06 23:38:09	2019-07-06 23:38:09
73	14c3c3d5-6c5e-41cb-9af4-cc6e99c0dff1	ASAsa	32	9a619743-1eb8-4c09-9aa7-2bb7bbc76f72	2019-07-06 23:40:42	2019-07-06 23:40:42
74	14c3c3d5-6c5e-41cb-9af4-cc6e99c0dff1	ASAsa	32	9a619743-1eb8-4c09-9aa7-2bb7bbc76f72	2019-07-06 23:40:51	2019-07-06 23:40:51
75	14c3c3d5-6c5e-41cb-9af4-cc6e99c0dff1	ASAsa	32	9a619743-1eb8-4c09-9aa7-2bb7bbc76f72	2019-07-06 23:41:16	2019-07-06 23:41:16
76	14c3c3d5-6c5e-41cb-9af4-cc6e99c0dff1	ASAsa	32	9a619743-1eb8-4c09-9aa7-2bb7bbc76f72	2019-07-06 23:54:55	2019-07-06 23:54:55
77	14c3c3d5-6c5e-41cb-9af4-cc6e99c0dff1	ASAsa	32	9a619743-1eb8-4c09-9aa7-2bb7bbc76f72	2019-07-06 23:55:00	2019-07-06 23:55:00
78	14c3c3d5-6c5e-41cb-9af4-cc6e99c0dff1	ASAsa	32	9a619743-1eb8-4c09-9aa7-2bb7bbc76f72	2019-07-06 23:55:03	2019-07-06 23:55:03
79	14c3c3d5-6c5e-41cb-9af4-cc6e99c0dff1	ASAsa	32	9a619743-1eb8-4c09-9aa7-2bb7bbc76f72	2019-07-06 23:58:37	2019-07-06 23:58:37
80	14c3c3d5-6c5e-41cb-9af4-cc6e99c0dff1	ASAsa	32	9a619743-1eb8-4c09-9aa7-2bb7bbc76f72	2019-07-06 23:59:58	2019-07-06 23:59:58
81	14c3c3d5-6c5e-41cb-9af4-cc6e99c0dff1	ASAsa	32	9a619743-1eb8-4c09-9aa7-2bb7bbc76f72	2019-07-07 00:00:35	2019-07-07 00:00:35
82	14c3c3d5-6c5e-41cb-9af4-cc6e99c0dff1	asdasdasd	32	9a619743-1eb8-4c09-9aa7-2bb7bbc76f72	2019-07-07 00:03:52	2019-07-07 00:03:52
83	14c3c3d5-6c5e-41cb-9af4-cc6e99c0dff1	asdasdasd	32	9a619743-1eb8-4c09-9aa7-2bb7bbc76f72	2019-07-07 00:04:08	2019-07-07 00:04:08
84	43c36a04-707d-4ef8-abd2-875784aee0e0		8	d360c6f3-60dc-4846-bb6a-0919a1817d5e	2019-07-10 17:34:31	2019-07-10 17:34:31
85	43c36a04-707d-4ef8-abd2-875784aee0e0		8	d360c6f3-60dc-4846-bb6a-0919a1817d5e	2019-07-10 17:34:43	2019-07-10 17:34:43
86	43c36a04-707d-4ef8-abd2-875784aee0e0		8	d360c6f3-60dc-4846-bb6a-0919a1817d5e	2019-07-10 17:35:18	2019-07-10 17:35:18
87	43c36a04-707d-4ef8-abd2-875784aee0e0	weee	8	d360c6f3-60dc-4846-bb6a-0919a1817d5e	2019-07-10 17:37:47	2019-07-10 17:37:47
88	43c36a04-707d-4ef8-abd2-875784aee0e0	asdadqw	38	86b4c7bb-f951-4004-9246-69dbccde0aa7	2019-07-10 17:38:50	2019-07-10 17:38:50
89	43c36a04-707d-4ef8-abd2-875784aee0e0	asdwd	38	86b4c7bb-f951-4004-9246-69dbccde0aa7	2019-07-10 17:38:55	2019-07-10 17:38:55
90	9aa0892c-5bf0-4287-9108-ee89837e4c96	sweqeqwe	38	86b4c7bb-f951-4004-9246-69dbccde0aa7	2019-07-10 17:39:57	2019-07-10 17:39:57
91	0e3c90e1-2996-44ca-82e5-83c44d19f8c0	sddwr	38	86b4c7bb-f951-4004-9246-69dbccde0aa7	2019-07-10 17:40:55	2019-07-10 17:40:55
92	43c36a04-707d-4ef8-abd2-875784aee0e0	sdqw	54	93327cea-5c16-476b-a267-f72395a4c1c6	2019-07-10 18:32:04	2019-07-10 18:32:04
93	14c3c3d5-6c5e-41cb-9af4-cc6e99c0dff1	ijkkk	8	d360c6f3-60dc-4846-bb6a-0919a1817d5e	2019-07-10 23:06:39	2019-07-10 23:06:39
94	ac6f8b68-8f31-48ea-a436-05b9813b484b	Tesrewr	8	d360c6f3-60dc-4846-bb6a-0919a1817d5e	2019-07-10 23:24:38	2019-07-10 23:24:38
95	4b0c3664-93b3-4016-82a9-a474f6f6cb05	swer3r	29	f4436180-46d5-42fe-b0db-8a25d745d685	2019-07-11 10:51:57	2019-07-11 10:51:57
96	4b0c3664-93b3-4016-82a9-a474f6f6cb05	rwrwrr	38	86b4c7bb-f951-4004-9246-69dbccde0aa7	2019-07-11 10:54:20	2019-07-11 10:54:20
97	4b0c3664-93b3-4016-82a9-a474f6f6cb05	sf	31	f4436180-46d5-42fe-b0db-8a25d745d685	2019-07-11 11:32:25	2019-07-11 11:32:25
98	4b0c3664-93b3-4016-82a9-a474f6f6cb05	sdfsfs	42	86b4c7bb-f951-4004-9246-69dbccde0aa7	2019-07-11 11:32:39	2019-07-11 11:32:39
99	0e3057f2-05d2-4189-815a-1383f44ce81b	sadadawd	58	21262432-a01c-4dba-85b2-452088d80fb2	2019-07-12 16:54:16	2019-07-12 16:54:16
100	0e3057f2-05d2-4189-815a-1383f44ce81b	good season1\r\n	58	21262432-a01c-4dba-85b2-452088d80fb2	2019-07-12 16:54:28	2019-07-12 16:54:28
101	11043bdc-d485-44d4-b7cb-2579fb1ed8f7	hiiii\r\n	8	d360c6f3-60dc-4846-bb6a-0919a1817d5e	2019-07-12 18:27:44	2019-07-12 18:27:44
102	0e3c90e1-2996-44ca-82e5-83c44d19f8c0	eeegrgr	46	93327cea-5c16-476b-a267-f72395a4c1c6	2019-07-15 12:09:21	2019-07-15 12:09:21
103	4b0c3664-93b3-4016-82a9-a474f6f6cb05	hhhhhhhhhhhhhhhhhhh	59	04c38f54-36ac-4e6f-a86f-c721efec224a	2019-07-15 12:17:41	2019-07-15 12:17:41
104	4b0c3664-93b3-4016-82a9-a474f6f6cb05	sferwer	61	04c38f54-36ac-4e6f-a86f-c721efec224a	2019-07-15 12:19:40	2019-07-15 12:19:40
105	43c36a04-707d-4ef8-abd2-875784aee0e0	ssdfef	59	04c38f54-36ac-4e6f-a86f-c721efec224a	2019-07-17 14:57:55	2019-07-17 14:57:55
106	43c36a04-707d-4ef8-abd2-875784aee0e0	vsfwef	46	93327cea-5c16-476b-a267-f72395a4c1c6	2019-07-18 13:51:09	2019-07-18 13:51:09
107	0e3c90e1-2996-44ca-82e5-83c44d19f8c0		65	04c38f54-36ac-4e6f-a86f-c721efec224a	2019-07-18 22:43:35	2019-07-18 22:43:35
108	0e3c90e1-2996-44ca-82e5-83c44d19f8c0		65	04c38f54-36ac-4e6f-a86f-c721efec224a	2019-07-18 22:43:44	2019-07-18 22:43:44
109	0e3c90e1-2996-44ca-82e5-83c44d19f8c0		35	030b76b1-15b6-4c99-b49e-9919758dc1eb	2019-07-18 22:45:37	2019-07-18 22:45:37
110	0e3c90e1-2996-44ca-82e5-83c44d19f8c0	elven loves mike	77	04c38f54-36ac-4e6f-a86f-c721efec224a	2019-07-19 12:47:28	2019-07-19 12:47:28
111	0e3c90e1-2996-44ca-82e5-83c44d19f8c0	elven loves mike	79	04c38f54-36ac-4e6f-a86f-c721efec224a	2019-07-19 12:48:27	2019-07-19 12:48:27
112	0e3c90e1-2996-44ca-82e5-83c44d19f8c0		79	04c38f54-36ac-4e6f-a86f-c721efec224a	2019-07-19 12:48:41	2019-07-19 12:48:41
113	0e3c90e1-2996-44ca-82e5-83c44d19f8c0	elven loves mike	80	04c38f54-36ac-4e6f-a86f-c721efec224a	2019-07-19 12:50:58	2019-07-19 12:50:58
114	0e3c90e1-2996-44ca-82e5-83c44d19f8c0	elven loves mike	82	04c38f54-36ac-4e6f-a86f-c721efec224a	2019-07-19 12:51:50	2019-07-19 12:51:50
115	0e3c90e1-2996-44ca-82e5-83c44d19f8c0	elven loves mike	84	04c38f54-36ac-4e6f-a86f-c721efec224a	2019-07-19 14:36:35	2019-07-19 14:36:35
116	0e3c90e1-2996-44ca-82e5-83c44d19f8c0	elven loves mike	85	04c38f54-36ac-4e6f-a86f-c721efec224a	2019-07-19 14:39:28	2019-07-19 14:39:28
117	0e3c90e1-2996-44ca-82e5-83c44d19f8c0	elven loves mike	68	04c38f54-36ac-4e6f-a86f-c721efec224a	2019-07-19 14:53:21	2019-07-19 14:53:21
118	0e3c90e1-2996-44ca-82e5-83c44d19f8c0	elven loves mike	68	04c38f54-36ac-4e6f-a86f-c721efec224a	2019-07-19 15:28:51	2019-07-19 15:28:51
119	0e3c90e1-2996-44ca-82e5-83c44d19f8c0	elven loves mike	68	04c38f54-36ac-4e6f-a86f-c721efec224a	2019-07-19 15:32:30	2019-07-19 15:32:30
120	0e3c90e1-2996-44ca-82e5-83c44d19f8c0	elven loves mike	68	04c38f54-36ac-4e6f-a86f-c721efec224a	2019-07-19 15:42:23	2019-07-19 15:42:23
121	0e3c90e1-2996-44ca-82e5-83c44d19f8c0	elven loves mike	68	04c38f54-36ac-4e6f-a86f-c721efec224a	2019-07-19 15:50:25	2019-07-19 15:50:25
122	0e3c90e1-2996-44ca-82e5-83c44d19f8c0	elven loves mike	68	04c38f54-36ac-4e6f-a86f-c721efec224a	2019-07-19 15:51:13	2019-07-19 15:51:13
123	0e3c90e1-2996-44ca-82e5-83c44d19f8c0	elven loves mike	68	04c38f54-36ac-4e6f-a86f-c721efec224a	2019-07-19 15:51:43	2019-07-19 15:51:43
124	0e3c90e1-2996-44ca-82e5-83c44d19f8c0	elven loves mike	68	04c38f54-36ac-4e6f-a86f-c721efec224a	2019-07-19 16:04:02	2019-07-19 16:04:02
125	0e3c90e1-2996-44ca-82e5-83c44d19f8c0	elven loves mike	68	04c38f54-36ac-4e6f-a86f-c721efec224a	2019-07-19 16:04:45	2019-07-19 16:04:45
126	0e3c90e1-2996-44ca-82e5-83c44d19f8c0	elven loves mike	68	04c38f54-36ac-4e6f-a86f-c721efec224a	2019-07-19 16:18:58	2019-07-19 16:18:58
127	5a4ac74d-e511-4231-927f-cb3b2def7cb9	sdasdadawd	33	030b76b1-15b6-4c99-b49e-9919758dc1eb	2019-07-19 16:43:38	2019-07-19 16:43:38
128	201e5112-9522-42fd-8050-c199dbb3d16f	elven loves mike	90	030b76b1-15b6-4c99-b49e-9919758dc1eb	2019-07-19 16:58:19	2019-07-19 16:58:19
129	201e5112-9522-42fd-8050-c199dbb3d16f	elven loves mike	90	030b76b1-15b6-4c99-b49e-9919758dc1eb	2019-07-19 16:59:55	2019-07-19 16:59:55
130	201e5112-9522-42fd-8050-c199dbb3d16f	elven loves mike	90	030b76b1-15b6-4c99-b49e-9919758dc1eb	2019-07-19 17:00:07	2019-07-19 17:00:07
131	0e3c90e1-2996-44ca-82e5-83c44d19f8c0	sdsdddwdw	60	04c38f54-36ac-4e6f-a86f-c721efec224a	2019-07-22 14:24:29	2019-07-22 14:24:29
132	4f4f8d10-2e65-4985-ba8f-17535bef8532	wqwq	95	6c129d46-49a0-48f9-ac67-c6e2922ef35d	2019-07-22 14:30:55	2019-07-22 14:30:55
133	0e3c90e1-2996-44ca-82e5-83c44d19f8c0	sewee	76	04c38f54-36ac-4e6f-a86f-c721efec224a	2019-07-22 15:32:54	2019-07-22 15:32:54
134	0e3057f2-05d2-4189-815a-1383f44ce81b	asdas	55	4906248b-447f-4d29-a445-ffe313f9e53e	2019-07-22 15:38:38	2019-07-22 15:38:38
135	4b0c3664-93b3-4016-82a9-a474f6f6cb05	fwefwe	29	f4436180-46d5-42fe-b0db-8a25d745d685	2019-07-22 17:00:10	2019-07-22 17:00:10
136	43c36a04-707d-4ef8-abd2-875784aee0e0	awerwerwe	95	6c129d46-49a0-48f9-ac67-c6e2922ef35d	2019-07-22 22:06:35	2019-07-22 22:06:35
137	4b0c3664-93b3-4016-82a9-a474f6f6cb05	wfwewe	95	6c129d46-49a0-48f9-ac67-c6e2922ef35d	2019-07-22 22:06:48	2019-07-22 22:06:48
138	0e3c90e1-2996-44ca-82e5-83c44d19f8c0	wefwewe	95	6c129d46-49a0-48f9-ac67-c6e2922ef35d	2019-07-22 22:07:02	2019-07-22 22:07:02
139	11043bdc-d485-44d4-b7cb-2579fb1ed8f7	asadawdw	95	6c129d46-49a0-48f9-ac67-c6e2922ef35d	2019-07-22 22:07:22	2019-07-22 22:07:22
140	43c36a04-707d-4ef8-abd2-875784aee0e0	seweew	55	4906248b-447f-4d29-a445-ffe313f9e53e	2019-07-22 22:09:12	2019-07-22 22:09:12
141	0e3057f2-05d2-4189-815a-1383f44ce81b	asdasdasd	96	4906248b-447f-4d29-a445-ffe313f9e53e	2019-07-22 22:12:48	2019-07-22 22:12:48
142	43c36a04-707d-4ef8-abd2-875784aee0e0	hii Go	96	4906248b-447f-4d29-a445-ffe313f9e53e	2019-07-22 22:13:20	2019-07-22 22:13:20
143	43c36a04-707d-4ef8-abd2-875784aee0e0	asadad	97	6c129d46-49a0-48f9-ac67-c6e2922ef35d	2019-07-23 11:17:24	2019-07-23 11:17:24
144	43c36a04-707d-4ef8-abd2-875784aee0e0	hiiiii el how are u doing 	97	6c129d46-49a0-48f9-ac67-c6e2922ef35d	2019-07-23 11:17:57	2019-07-23 11:17:57
145	4f4f8d10-2e65-4985-ba8f-17535bef8532	dffewewe	97	6c129d46-49a0-48f9-ac67-c6e2922ef35d	2019-07-23 11:18:54	2019-07-23 11:18:54
146	4f4f8d10-2e65-4985-ba8f-17535bef8532	asdasddewde	97	6c129d46-49a0-48f9-ac67-c6e2922ef35d	2019-07-23 11:22:33	2019-07-23 11:22:33
147	4f4f8d10-2e65-4985-ba8f-17535bef8532	asddw	97	6c129d46-49a0-48f9-ac67-c6e2922ef35d	2019-07-23 11:23:14	2019-07-23 11:23:14
148	43c36a04-707d-4ef8-abd2-875784aee0e0	xcaswa	99	93327cea-5c16-476b-a267-f72395a4c1c6	2019-07-23 11:24:18	2019-07-23 11:24:18
149	4f4f8d10-2e65-4985-ba8f-17535bef8532	aSQDQW	99	93327cea-5c16-476b-a267-f72395a4c1c6	2019-07-23 11:24:42	2019-07-23 11:24:42
150	4f4f8d10-2e65-4985-ba8f-17535bef8532	wedqw	100	6c129d46-49a0-48f9-ac67-c6e2922ef35d	2019-07-23 11:25:19	2019-07-23 11:25:19
151	4f4f8d10-2e65-4985-ba8f-17535bef8532	ewewwwwe	100	6c129d46-49a0-48f9-ac67-c6e2922ef35d	2019-07-23 11:25:41	2019-07-23 11:25:41
152	4f4f8d10-2e65-4985-ba8f-17535bef8532	wwewee	100	6c129d46-49a0-48f9-ac67-c6e2922ef35d	2019-07-23 11:26:09	2019-07-23 11:26:09
153	43c36a04-707d-4ef8-abd2-875784aee0e0	fweweweerw	101	93327cea-5c16-476b-a267-f72395a4c1c6	2019-07-23 11:26:42	2019-07-23 11:26:42
154	43c36a04-707d-4ef8-abd2-875784aee0e0	sasad	102	93327cea-5c16-476b-a267-f72395a4c1c6	2019-07-23 12:10:42	2019-07-23 12:10:42
155	43c36a04-707d-4ef8-abd2-875784aee0e0	ewer	102	93327cea-5c16-476b-a267-f72395a4c1c6	2019-07-23 12:49:32	2019-07-23 12:49:32
156	4b0c3664-93b3-4016-82a9-a474f6f6cb05	ddssde	29	f4436180-46d5-42fe-b0db-8a25d745d685	2019-07-23 12:50:10	2019-07-23 12:50:10
157	4b0c3664-93b3-4016-82a9-a474f6f6cb05	dfsee	29	f4436180-46d5-42fe-b0db-8a25d745d685	2019-07-23 12:51:51	2019-07-23 12:51:51
158	4b0c3664-93b3-4016-82a9-a474f6f6cb05	addwad	29	f4436180-46d5-42fe-b0db-8a25d745d685	2019-07-23 12:52:24	2019-07-23 12:52:24
159	4b0c3664-93b3-4016-82a9-a474f6f6cb05	wdawwa	29	f4436180-46d5-42fe-b0db-8a25d745d685	2019-07-23 12:54:08	2019-07-23 12:54:08
160	43c36a04-707d-4ef8-abd2-875784aee0e0	werewr	29	f4436180-46d5-42fe-b0db-8a25d745d685	2019-07-23 12:54:37	2019-07-23 12:54:37
161	43c36a04-707d-4ef8-abd2-875784aee0e0	asdawd	29	f4436180-46d5-42fe-b0db-8a25d745d685	2019-07-23 12:55:13	2019-07-23 12:55:13
162	43c36a04-707d-4ef8-abd2-875784aee0e0	addawdaw	98	93327cea-5c16-476b-a267-f72395a4c1c6	2019-07-23 13:31:46	2019-07-23 13:31:46
163	43c36a04-707d-4ef8-abd2-875784aee0e0	errterteere	102	93327cea-5c16-476b-a267-f72395a4c1c6	2019-07-25 11:02:13	2019-07-25 11:02:13
164	0e3c90e1-2996-44ca-82e5-83c44d19f8c0	sadadad	46	93327cea-5c16-476b-a267-f72395a4c1c6	2019-07-25 15:52:49	2019-07-25 15:52:49
165	4b0c3664-93b3-4016-82a9-a474f6f6cb05	dfaefew	31	f4436180-46d5-42fe-b0db-8a25d745d685	2019-07-25 17:54:38	2019-07-25 17:54:38
166	43c36a04-707d-4ef8-abd2-875784aee0e0	HJII	103	93327cea-5c16-476b-a267-f72395a4c1c6	2019-07-30 16:23:58	2019-07-30 16:23:58
167	b605c8df-c6b8-4c89-80eb-449e4b5951ff	demo comment	114	eda61b23-f47d-409f-9c98-51813cd98180	2019-08-24 13:32:11	2019-08-24 13:32:11
168	b605c8df-c6b8-4c89-80eb-449e4b5951ff	demo comment	114	eda61b23-f47d-409f-9c98-51813cd98180	2019-08-24 13:32:35	2019-08-24 13:32:35
\.


--
-- Data for Name: cookies; Type: TABLE DATA; Schema: public; Owner: postgres
--

COPY public.cookies (id, user_id, created_at, expires_at) FROM stdin;
9bdbe7ac-049d-4c94-ae4f-82bbc553f217	9aa0892c-5bf0-4287-9108-ee89837e4c96	2019-07-06 10:13:36	2019-07-06 10:23:36
009a97aa-04a1-4d7c-b9cc-2ed1066c50de	9aa0892c-5bf0-4287-9108-ee89837e4c96	2019-07-06 10:57:29	2019-07-06 11:07:29
47048a5a-df6c-48a4-875f-35f14e8b53dd	9aa0892c-5bf0-4287-9108-ee89837e4c96	2019-07-06 11:24:20	2019-07-06 11:34:20
e5b545a8-ddef-451d-94d5-c0d48500a9ef	9aa0892c-5bf0-4287-9108-ee89837e4c96	2019-07-06 11:29:29	2019-07-06 11:39:29
a7442974-9123-405d-a6d0-64dc915b8484	4b0c3664-93b3-4016-82a9-a474f6f6cb05	2019-07-06 11:31:22	2019-07-06 11:41:22
bf4b08ae-4131-4f7d-876c-886df9e23d59	4b0c3664-93b3-4016-82a9-a474f6f6cb05	2019-07-06 11:36:40	2019-07-06 11:46:40
350dc44b-70e8-4ee7-94a2-dff5d8da4be1	4b0c3664-93b3-4016-82a9-a474f6f6cb05	2019-07-06 11:44:14	2019-07-06 11:54:14
ba1713c3-c3d0-415e-84a3-4cb389a13344	9aa0892c-5bf0-4287-9108-ee89837e4c96	2019-07-06 11:49:26	2019-07-06 11:59:26
0b92f9d1-3422-4ce2-8616-dededb538d53	0e3c90e1-2996-44ca-82e5-83c44d19f8c0	2019-07-06 15:30:26	2019-07-06 15:40:26
8da06095-1ce1-4db8-8c9f-e20797891780	0e3c90e1-2996-44ca-82e5-83c44d19f8c0	2019-07-06 15:45:26	2019-07-06 15:55:26
6b54a850-aa78-488c-ab18-65dd92fe7e31	0e3c90e1-2996-44ca-82e5-83c44d19f8c0	2019-07-06 17:16:11	2019-07-06 17:26:11
79ce6903-63ea-4e7a-829a-dddd5af7bec7	4b0c3664-93b3-4016-82a9-a474f6f6cb05	2019-07-06 17:17:24	2019-07-06 17:27:24
37bbcc8f-55b8-454c-9556-746114dacd91	14c3c3d5-6c5e-41cb-9af4-cc6e99c0dff1	2019-07-06 17:18:01	2019-07-06 17:28:01
2e4443e4-5ecc-4261-ad04-05e68c91dca0	14c3c3d5-6c5e-41cb-9af4-cc6e99c0dff1	2019-07-06 23:12:38	2019-07-06 23:22:38
6e1030d7-b932-4dad-b189-bbe673f8b402	14c3c3d5-6c5e-41cb-9af4-cc6e99c0dff1	2019-07-06 23:32:02	2019-07-06 23:42:02
75d6006d-833a-491a-b0b0-27d0967d57dc	14c3c3d5-6c5e-41cb-9af4-cc6e99c0dff1	2019-07-06 23:32:47	2019-07-06 23:42:47
a82b3097-41a7-46f9-b827-2c44b410285f	14c3c3d5-6c5e-41cb-9af4-cc6e99c0dff1	2019-07-06 23:37:19	2019-07-06 23:47:19
22b089bd-88a5-41eb-85e4-10e5da0ef720	14c3c3d5-6c5e-41cb-9af4-cc6e99c0dff1	2019-07-06 23:37:40	2019-07-06 23:47:40
21eb8701-de7f-4ff7-babd-031697e8376c	14c3c3d5-6c5e-41cb-9af4-cc6e99c0dff1	2019-07-06 23:39:07	2019-07-06 23:49:07
9bf75428-80b5-4248-85e9-c633f34ecc29	14c3c3d5-6c5e-41cb-9af4-cc6e99c0dff1	2019-07-06 18:33:38	2019-07-06 18:38:38
647207bf-5f90-42d8-9118-9f722a749298	14c3c3d5-6c5e-41cb-9af4-cc6e99c0dff1	2019-07-06 18:41:37	2019-07-06 18:46:37
b215f337-d872-46a9-8721-812c4fbcf155	14c3c3d5-6c5e-41cb-9af4-cc6e99c0dff1	2019-07-06 18:46:48	2019-07-06 18:51:48
aa473469-f143-4fd5-8d96-91c2366b139d	14c3c3d5-6c5e-41cb-9af4-cc6e99c0dff1	2019-07-06 18:50:30	2019-07-06 18:55:30
3b8d076e-8573-477e-b1fb-ec2eb5be1555	14c3c3d5-6c5e-41cb-9af4-cc6e99c0dff1	2019-07-08 06:01:42	2019-07-08 06:06:42
5b046387-8703-4812-b64f-a10590f7109e	14c3c3d5-6c5e-41cb-9af4-cc6e99c0dff1	2019-07-08 06:13:07	2019-07-08 06:18:07
082967c1-6c0d-4673-a01b-853a63e079ce	14c3c3d5-6c5e-41cb-9af4-cc6e99c0dff1	2019-07-08 06:23:25	2019-07-08 06:28:25
2976a97e-aac7-4c5b-aa6f-91556337b314	14c3c3d5-6c5e-41cb-9af4-cc6e99c0dff1	2019-07-08 06:41:49	2019-07-08 06:46:49
7106fef3-7bf5-4531-9d7b-9ead1cf73c8e	14c3c3d5-6c5e-41cb-9af4-cc6e99c0dff1	2019-07-08 09:28:38	2019-07-08 09:33:38
39265d2f-06cf-4da5-980f-42ff5ce6047d	14c3c3d5-6c5e-41cb-9af4-cc6e99c0dff1	2019-07-08 10:17:14	2019-07-08 10:22:14
6ce90213-d194-4581-850c-9186f140dce1	14c3c3d5-6c5e-41cb-9af4-cc6e99c0dff1	2019-07-08 10:22:18	2019-07-08 10:27:18
17309a00-14bf-4fd7-ac93-8cb1c6d6ddd3	14c3c3d5-6c5e-41cb-9af4-cc6e99c0dff1	2019-07-08 10:45:38	2019-07-08 10:50:38
96a2e825-fde7-40d1-91b0-ed2256d54981	14c3c3d5-6c5e-41cb-9af4-cc6e99c0dff1	2019-07-08 12:02:23	2019-07-08 12:07:23
2bbe0cca-09d5-4766-82e5-a523e3ea923d	14c3c3d5-6c5e-41cb-9af4-cc6e99c0dff1	2019-07-08 12:06:31	2019-07-08 12:11:31
1578c814-94c4-4d94-8f56-fd2232c97c25	14c3c3d5-6c5e-41cb-9af4-cc6e99c0dff1	2019-07-08 12:08:18	2019-07-08 12:13:18
ff0459c4-6cb8-4c99-b4a8-00791a66a7a7	14c3c3d5-6c5e-41cb-9af4-cc6e99c0dff1	2019-07-08 12:16:01	2019-07-08 12:21:01
f98f1b2d-eeb4-4b79-93fc-26ce75f4bcf5	14c3c3d5-6c5e-41cb-9af4-cc6e99c0dff1	2019-07-08 12:26:50	2019-07-08 12:31:50
a6e6a0d2-0904-4804-81e0-f1d44723721e	43c36a04-707d-4ef8-abd2-875784aee0e0	2019-07-08 13:41:53	2019-07-08 13:46:53
c117827e-0f68-49dc-8503-8f307cf2d32b	14c3c3d5-6c5e-41cb-9af4-cc6e99c0dff1	2019-07-08 13:49:37	2019-07-08 13:54:37
d468f4b3-e9ad-45a8-a841-804f90dad564	14c3c3d5-6c5e-41cb-9af4-cc6e99c0dff1	2019-07-08 17:34:43	2019-07-08 17:39:43
26bd685d-72c4-48b4-b19b-617fbde66fe5	14c3c3d5-6c5e-41cb-9af4-cc6e99c0dff1	2019-07-08 17:45:22	2019-07-08 17:50:22
c838a2d4-480a-4beb-963b-d4ebe39a4b68	14c3c3d5-6c5e-41cb-9af4-cc6e99c0dff1	2019-07-08 17:47:50	2019-07-08 17:52:50
c9787391-3a3c-474c-9b1d-29cc5ab77e7b	14c3c3d5-6c5e-41cb-9af4-cc6e99c0dff1	2019-07-09 06:01:19	2019-07-09 06:06:19
bd973bb1-90dc-4d3c-9086-30e014cbce51	14c3c3d5-6c5e-41cb-9af4-cc6e99c0dff1	2019-07-09 06:17:50	2019-07-09 06:22:50
c34cc20b-6008-4932-a734-683513b75b10	14c3c3d5-6c5e-41cb-9af4-cc6e99c0dff1	2019-07-09 07:02:56	2019-07-09 07:07:56
44b8d71f-4029-4991-b561-994c8ecac53c	14c3c3d5-6c5e-41cb-9af4-cc6e99c0dff1	2019-07-09 07:25:06	2019-07-09 07:30:06
d0e27ae5-8cec-4048-af38-9aca2c4a640f	14c3c3d5-6c5e-41cb-9af4-cc6e99c0dff1	2019-07-09 07:32:40	2019-07-09 07:37:40
15557f63-45ca-4fc5-8b1a-ecdcdc8a267b	14c3c3d5-6c5e-41cb-9af4-cc6e99c0dff1	2019-07-09 07:38:41	2019-07-09 07:43:41
7f9d1e14-6325-4914-b556-c55d3c975a1a	14c3c3d5-6c5e-41cb-9af4-cc6e99c0dff1	2019-07-09 07:44:46	2019-07-09 07:49:46
e1cf34c7-ef1d-4520-a219-7daddd6811de	14c3c3d5-6c5e-41cb-9af4-cc6e99c0dff1	2019-07-09 07:49:19	2019-07-09 07:54:19
c7ab7ff9-0eab-48c8-9a65-378177daccaf	14c3c3d5-6c5e-41cb-9af4-cc6e99c0dff1	2019-07-09 09:49:41	2019-07-09 09:54:41
35d1dbd6-2e4c-42f4-bf2c-08db29083a11	14c3c3d5-6c5e-41cb-9af4-cc6e99c0dff1	2019-07-09 09:56:22	2019-07-09 10:01:22
d5e47b9f-3889-4bc6-897d-e0c87878e408	14c3c3d5-6c5e-41cb-9af4-cc6e99c0dff1	2019-07-09 10:03:16	2019-07-09 10:08:16
c5284c31-6298-448e-84e0-34f0fbecd915	14c3c3d5-6c5e-41cb-9af4-cc6e99c0dff1	2019-07-09 10:10:36	2019-07-09 10:15:36
7e786c43-24ce-488c-bcec-6d33ffceec62	14c3c3d5-6c5e-41cb-9af4-cc6e99c0dff1	2019-07-09 15:07:46	2019-07-09 15:12:46
e6d22ed2-0721-4e10-abf7-76669b19f7f1	14c3c3d5-6c5e-41cb-9af4-cc6e99c0dff1	2019-07-09 15:30:41	2019-07-09 15:35:41
4a410a2f-0683-479e-b27a-e5dc2e19f6c1	14c3c3d5-6c5e-41cb-9af4-cc6e99c0dff1	2019-07-09 15:36:40	2019-07-09 15:41:40
984c88d5-809b-421c-bea6-f3518076bbf7	43c36a04-707d-4ef8-abd2-875784aee0e0	2019-07-10 06:02:16	2019-07-10 06:07:16
c4e49bd2-eafc-460f-b89e-06c9f742805e	0e3c90e1-2996-44ca-82e5-83c44d19f8c0	2019-07-10 06:21:58	2019-07-10 06:26:58
e4ecaa93-8449-4290-91b1-881c18c10b8d	0e3c90e1-2996-44ca-82e5-83c44d19f8c0	2019-07-10 06:30:54	2019-07-10 06:35:54
85471eea-d3b7-4c09-a57b-6806840b52b7	14c3c3d5-6c5e-41cb-9af4-cc6e99c0dff1	2019-07-10 08:06:22	2019-07-10 08:11:22
a266b87a-9dc4-497b-a962-2758132cf7ee	0e3c90e1-2996-44ca-82e5-83c44d19f8c0	2019-07-10 08:13:43	2019-07-10 08:18:43
7d896448-635f-4e08-9c32-adbd30780e6f	14c3c3d5-6c5e-41cb-9af4-cc6e99c0dff1	2019-07-10 08:34:54	2019-07-10 08:39:54
3385be8b-b10e-4a5a-ada0-c901995abab2	14c3c3d5-6c5e-41cb-9af4-cc6e99c0dff1	2019-07-10 08:46:36	2019-07-10 08:51:36
5cb734db-76b9-4a41-8d80-9d8b77e0bef8	14c3c3d5-6c5e-41cb-9af4-cc6e99c0dff1	2019-07-10 09:03:42	2019-07-10 09:08:42
ab8bdba6-443a-4a2a-b821-25ee0cadf8c2	14c3c3d5-6c5e-41cb-9af4-cc6e99c0dff1	2019-07-10 09:10:13	2019-07-10 09:15:13
ad49f01a-0514-46ab-8d53-9fb7585010fa	4b0c3664-93b3-4016-82a9-a474f6f6cb05	2019-07-10 09:17:24	2019-07-10 09:22:24
b45f4d11-78fc-4530-8523-3a6e9aa586f4	4b0c3664-93b3-4016-82a9-a474f6f6cb05	2019-07-10 09:28:09	2019-07-10 09:33:09
458cfe22-f6d2-4ab4-83d5-e4ad86b2b347	43c36a04-707d-4ef8-abd2-875784aee0e0	2019-07-10 10:14:44	2019-07-10 10:19:44
684c7212-a269-4e88-8ebd-3ea66f3f41ea	43c36a04-707d-4ef8-abd2-875784aee0e0	2019-07-10 11:23:23	2019-07-10 11:28:23
2005a1e5-f3a0-45c9-9fa6-0c2e2686e3c4	43c36a04-707d-4ef8-abd2-875784aee0e0	2019-07-10 12:04:08	2019-07-10 12:09:08
926c0c82-5276-414e-938b-6880697125f2	0e3c90e1-2996-44ca-82e5-83c44d19f8c0	2019-07-10 12:10:41	2019-07-10 12:15:41
c6f61309-3426-4db8-9b54-e7c133be5be0	0e3c90e1-2996-44ca-82e5-83c44d19f8c0	2019-07-10 12:44:49	2019-07-10 12:49:49
a2256933-4ff1-49ca-93e0-89fb125c8e71	43c36a04-707d-4ef8-abd2-875784aee0e0	2019-07-10 13:01:29	2019-07-10 13:06:29
d4495d21-99f3-4a7e-be67-3b0f013fefb9	43c36a04-707d-4ef8-abd2-875784aee0e0	2019-07-10 16:33:39	2019-07-10 16:38:39
0bfea474-3bd1-434d-b010-84b138b39d42	14c3c3d5-6c5e-41cb-9af4-cc6e99c0dff1	2019-07-10 17:34:58	2019-07-10 17:39:58
0d2e142f-c879-41ac-9a22-61b86b25016b	ac6f8b68-8f31-48ea-a436-05b9813b484b	2019-07-10 17:54:14	2019-07-10 17:59:14
a97aec77-7885-4ce2-b88b-880cadd3b62d	ac6f8b68-8f31-48ea-a436-05b9813b484b	2019-07-10 18:01:29	2019-07-10 18:06:29
193014f5-4305-4f17-832c-14232466393f	4b0c3664-93b3-4016-82a9-a474f6f6cb05	2019-07-11 05:21:48	2019-07-11 05:26:48
e5a3b426-375c-48f0-939e-e6ba7b5de4f2	43c36a04-707d-4ef8-abd2-875784aee0e0	2019-07-11 05:30:13	2019-07-11 05:35:13
9ee33953-5c8d-4c52-9254-c49e6fbcfa89	43c36a04-707d-4ef8-abd2-875784aee0e0	2019-07-11 05:51:46	2019-07-11 05:56:46
2e596870-cfde-4a77-8523-e1b3c15a8a05	4b0c3664-93b3-4016-82a9-a474f6f6cb05	2019-07-11 06:12:15	2019-07-11 06:17:15
90c19a4d-17c5-45ab-96b1-ec0d34119629	4b0c3664-93b3-4016-82a9-a474f6f6cb05	2019-07-11 06:16:48	2019-07-11 06:21:48
54ca74f5-37cc-4c98-8d59-3fe92c8dbc53	0e3c90e1-2996-44ca-82e5-83c44d19f8c0	2019-07-11 06:38:47	2019-07-11 06:43:47
ea7af270-a236-4065-9b39-e77d4244aa8f	4b0c3664-93b3-4016-82a9-a474f6f6cb05	2019-07-11 10:03:40	2019-07-11 10:08:40
08f97fb8-8f96-45b9-a5a7-beb897fdb82a	4b0c3664-93b3-4016-82a9-a474f6f6cb05	2019-07-11 11:16:46	2019-07-11 11:21:46
9df2ca9f-0aa4-4c45-a220-572fd10016be	0e3c90e1-2996-44ca-82e5-83c44d19f8c0	2019-07-11 11:23:49	2019-07-11 11:28:49
a574b2df-a710-43e0-9326-bf6c630de41d	0e3c90e1-2996-44ca-82e5-83c44d19f8c0	2019-07-11 16:25:02	2019-07-11 16:30:02
e4944b51-4923-47ef-ba50-ba8a51c1bc65	0e3c90e1-2996-44ca-82e5-83c44d19f8c0	2019-07-11 17:10:06	2019-07-11 17:15:06
6845a55f-b401-4cd7-99ed-ecdcdbcd9c18	0e3c90e1-2996-44ca-82e5-83c44d19f8c0	2019-07-11 17:26:57	2019-07-11 17:31:57
91096504-ff86-46f8-ab5b-defdc5da5d52	0e3c90e1-2996-44ca-82e5-83c44d19f8c0	2019-07-11 17:43:40	2019-07-11 17:48:40
360586e8-c99b-43a6-ab13-6baa3937bde4	4b0c3664-93b3-4016-82a9-a474f6f6cb05	2019-07-12 10:52:41	2019-07-12 10:57:41
42301e1e-ab41-4d3e-9823-09cbaad59216	0e3057f2-05d2-4189-815a-1383f44ce81b	2019-07-12 11:00:55	2019-07-12 11:05:55
65d1c65f-5ca1-47f6-b3f7-41d465d9775d	11043bdc-d485-44d4-b7cb-2579fb1ed8f7	2019-07-12 11:30:32	2019-07-12 11:35:32
b7cd8b88-5273-4319-b27c-e507776f3f67	0e3c90e1-2996-44ca-82e5-83c44d19f8c0	2019-07-12 12:57:57	2019-07-12 13:02:57
715caec4-659e-4b77-a46b-e1e3a66d62be	0e3c90e1-2996-44ca-82e5-83c44d19f8c0	2019-07-14 08:45:21	2019-07-14 08:50:21
90e43c38-5b15-40b4-a261-4dd94eea7d4a	0e3c90e1-2996-44ca-82e5-83c44d19f8c0	2019-07-14 11:44:10	2019-07-14 11:49:10
aa882ccd-a3e8-4d12-8256-830ed0d998ef	0e3c90e1-2996-44ca-82e5-83c44d19f8c0	2019-07-15 06:21:31	2019-07-15 06:26:31
3afdd300-40ea-4c3f-bb44-c8089e195e92	43c36a04-707d-4ef8-abd2-875784aee0e0	2019-07-15 06:28:33	2019-07-15 06:33:33
e9a9942f-82ba-4d72-9f9c-84dd8948e5dd	0e3c90e1-2996-44ca-82e5-83c44d19f8c0	2019-07-15 06:36:29	2019-07-15 06:41:29
f62e110e-3055-41df-98b3-c60f39a4079a	4b0c3664-93b3-4016-82a9-a474f6f6cb05	2019-07-15 06:52:27	2019-07-15 06:57:27
afc0f11e-39b1-4f58-8cd8-26af51bda5ca	0e3c90e1-2996-44ca-82e5-83c44d19f8c0	2019-07-16 04:34:06	2019-07-16 04:39:06
b981d0de-b4af-4291-8af7-10b63bfc6ce0	0e3c90e1-2996-44ca-82e5-83c44d19f8c0	2019-07-16 05:56:04	2019-07-16 06:01:04
e6fe109b-9454-4aab-9140-621b1d9a2937	0e3c90e1-2996-44ca-82e5-83c44d19f8c0	2019-07-16 06:06:15	2019-07-16 06:11:15
f6b0f6c5-55a0-46b2-a37e-434105bffe35	0e3c90e1-2996-44ca-82e5-83c44d19f8c0	2019-07-16 06:14:36	2019-07-16 06:19:36
57c22aa8-38b6-45ff-ba08-81021073950d	0e3c90e1-2996-44ca-82e5-83c44d19f8c0	2019-07-16 06:20:23	2019-07-16 06:25:23
4441b278-e292-4953-98d8-3f40798656dc	0e3c90e1-2996-44ca-82e5-83c44d19f8c0	2019-07-16 06:26:29	2019-07-16 06:31:29
fec8ff54-305e-4256-bd8d-8bd32daa92e9	0e3c90e1-2996-44ca-82e5-83c44d19f8c0	2019-07-16 06:46:04	2019-07-16 06:51:04
b458f942-2997-4127-a36e-6e48bc3c54e9	0e3c90e1-2996-44ca-82e5-83c44d19f8c0	2019-07-16 06:52:42	2019-07-16 06:57:42
df48160f-892f-4818-a139-924b4d7a4840	0e3c90e1-2996-44ca-82e5-83c44d19f8c0	2019-07-16 06:58:32	2019-07-16 07:03:32
fe950e96-6f62-4e65-ac8f-76ad1397d10f	0e3c90e1-2996-44ca-82e5-83c44d19f8c0	2019-07-16 07:06:28	2019-07-16 07:11:28
3e6d85bf-ece0-4d08-8009-03395b13d0e1	0e3c90e1-2996-44ca-82e5-83c44d19f8c0	2019-07-16 07:13:26	2019-07-16 07:18:26
4755a784-0581-43ba-9e71-1447161c18cd	0e3c90e1-2996-44ca-82e5-83c44d19f8c0	2019-07-16 07:19:14	2019-07-16 07:24:14
fecc60fa-6ded-484d-998d-7333d6ea9925	0e3c90e1-2996-44ca-82e5-83c44d19f8c0	2019-07-16 08:14:25	2019-07-16 08:19:25
ece5e0d0-6c8a-4ae8-a113-91a041096d57	4f4f8d10-2e65-4985-ba8f-17535bef8532	2019-07-16 08:50:06	2019-07-16 08:55:06
6f43d1aa-7c09-417f-b3e9-a932991858ec	4f4f8d10-2e65-4985-ba8f-17535bef8532	2019-07-16 08:59:21	2019-07-16 09:04:21
3e3b337c-ac10-4ba7-a1f4-8f4c25059b80	4f4f8d10-2e65-4985-ba8f-17535bef8532	2019-07-16 09:06:58	2019-07-16 09:11:58
9de7d3b2-9fb7-453b-a20f-abfb8c56107b	4f4f8d10-2e65-4985-ba8f-17535bef8532	2019-07-16 09:12:24	2019-07-16 09:17:24
f6e4821d-c4b3-44f8-bc7f-4ea1b53654f3	4f4f8d10-2e65-4985-ba8f-17535bef8532	2019-07-16 09:31:18	2019-07-16 09:36:18
380c1d20-80b5-43b3-b293-a4f2f7770541	4b0c3664-93b3-4016-82a9-a474f6f6cb05	2019-07-16 09:43:53	2019-07-16 09:48:53
a59229ae-1325-47cb-8b94-2164e1d5c225	0e3057f2-05d2-4189-815a-1383f44ce81b	2019-07-16 09:55:30	2019-07-16 10:00:30
b874d36d-9bfd-4d26-812f-ff45341494e0	0e3057f2-05d2-4189-815a-1383f44ce81b	2019-07-16 10:00:50	2019-07-16 10:05:50
5628d045-b2ff-44bd-949c-aeabd4482265	0e3057f2-05d2-4189-815a-1383f44ce81b	2019-07-16 10:06:15	2019-07-16 10:11:15
8cde27e6-8d9f-4890-a34f-d8060cb71cf9	0e3057f2-05d2-4189-815a-1383f44ce81b	2019-07-16 10:29:10	2019-07-16 10:34:10
2f7f10fc-d245-4caa-93c0-a11aebb16702	0e3057f2-05d2-4189-815a-1383f44ce81b	2019-07-16 10:34:47	2019-07-16 10:39:47
52ab02bf-9d3a-4266-8fd8-7655543b63b2	0e3057f2-05d2-4189-815a-1383f44ce81b	2019-07-16 10:41:10	2019-07-16 10:46:10
243e2a6e-c351-40d1-b22c-fe34c7858998	0e3057f2-05d2-4189-815a-1383f44ce81b	2019-07-16 10:47:11	2019-07-16 10:52:11
b318358b-7deb-4930-90d9-7eb629055a16	43c36a04-707d-4ef8-abd2-875784aee0e0	2019-07-16 11:44:02	2019-07-16 11:49:02
404ce177-c3e7-4f40-accc-bfd7f929b72f	0e3c90e1-2996-44ca-82e5-83c44d19f8c0	2019-07-16 12:20:33	2019-07-16 12:25:33
57fc79ae-1225-4e09-871a-a80394d72597	43c36a04-707d-4ef8-abd2-875784aee0e0	2019-07-16 12:28:28	2019-07-16 12:33:28
2d82279a-590a-45d7-96f8-65b3a1174108	43c36a04-707d-4ef8-abd2-875784aee0e0	2019-07-16 12:34:00	2019-07-16 12:39:00
515bfd5e-8d5e-4ce3-b3ba-30d9f46d0700	43c36a04-707d-4ef8-abd2-875784aee0e0	2019-07-16 12:39:12	2019-07-16 12:44:12
7817f6c6-7edb-4150-bd63-60ac5cfe4916	43c36a04-707d-4ef8-abd2-875784aee0e0	2019-07-16 12:44:54	2019-07-16 12:49:54
c40d7178-45f5-464d-87d7-ef8064f2cbc2	43c36a04-707d-4ef8-abd2-875784aee0e0	2019-07-16 14:42:19	2019-07-16 14:47:19
2c2d0768-53bb-441a-a373-a8c358bdbf1a	43c36a04-707d-4ef8-abd2-875784aee0e0	2019-07-16 14:47:53	2019-07-16 14:52:53
55b0d034-4488-4d71-bb73-d46547dd347d	43c36a04-707d-4ef8-abd2-875784aee0e0	2019-07-16 14:53:05	2019-07-16 14:58:05
79a60112-87a9-4593-a7f4-29f4fea7262d	43c36a04-707d-4ef8-abd2-875784aee0e0	2019-07-16 16:40:59	2019-07-16 16:45:59
fa504a43-67fb-401e-8889-a03de0bf3688	43c36a04-707d-4ef8-abd2-875784aee0e0	2019-07-16 16:54:34	2019-07-16 16:59:34
65318bae-ba7b-42c5-a2dc-6b2cebce2582	ac6f8b68-8f31-48ea-a436-05b9813b484b	2019-07-16 17:26:56	2019-07-16 17:31:56
95f029f9-dc06-48cd-a56a-e3dbd2818be8	ac6f8b68-8f31-48ea-a436-05b9813b484b	2019-07-16 17:33:13	2019-07-16 17:38:13
a367b6e4-565b-4afa-8a85-96c933734746	ac6f8b68-8f31-48ea-a436-05b9813b484b	2019-07-16 17:38:48	2019-07-16 17:43:48
6b18b8b9-287c-44c6-99f1-542e19218945	ac6f8b68-8f31-48ea-a436-05b9813b484b	2019-07-17 04:37:30	2019-07-17 04:42:30
09d86ad5-ac8a-4e1d-8f76-69a39047f23b	ac6f8b68-8f31-48ea-a436-05b9813b484b	2019-07-17 04:44:03	2019-07-17 04:49:03
40736e99-2c18-41f8-a8a5-104ba4a2a685	ac6f8b68-8f31-48ea-a436-05b9813b484b	2019-07-17 04:49:20	2019-07-17 04:54:20
f384d3c3-6cc0-4da0-9ab1-718b6333e138	ac6f8b68-8f31-48ea-a436-05b9813b484b	2019-07-17 04:55:03	2019-07-17 05:00:03
0ac3319b-6f52-4fa2-a8ec-c894c2b61aee	ac6f8b68-8f31-48ea-a436-05b9813b484b	2019-07-17 05:06:27	2019-07-17 05:11:27
66d9fd51-3356-4acf-87a6-20276f510ce0	ac6f8b68-8f31-48ea-a436-05b9813b484b	2019-07-17 05:14:36	2019-07-17 05:19:36
63bbb2fa-f05f-41f5-91f0-5900803316e6	ac6f8b68-8f31-48ea-a436-05b9813b484b	2019-07-17 05:20:37	2019-07-17 05:25:37
51580120-56f3-44e8-89ab-3df1e5c9e2b0	ac6f8b68-8f31-48ea-a436-05b9813b484b	2019-07-17 05:28:12	2019-07-17 05:33:12
072d4e75-5520-4832-8894-066169041b03	ac6f8b68-8f31-48ea-a436-05b9813b484b	2019-07-17 05:33:41	2019-07-17 05:38:41
914df634-aad2-410f-a748-bcc0f06a6ebd	ac6f8b68-8f31-48ea-a436-05b9813b484b	2019-07-17 05:41:28	2019-07-17 05:46:28
18dc82f5-47a5-4647-8bc0-51c50e22e63b	ac6f8b68-8f31-48ea-a436-05b9813b484b	2019-07-17 05:47:08	2019-07-17 05:52:08
121795fd-79d7-4a7d-a19b-4836cc5221be	ac6f8b68-8f31-48ea-a436-05b9813b484b	2019-07-17 06:06:46	2019-07-17 06:11:46
bd74c5a9-991f-4503-9a84-8df808c61dee	ac6f8b68-8f31-48ea-a436-05b9813b484b	2019-07-17 06:19:10	2019-07-17 06:24:10
408a65c8-b6e2-4449-88fb-eca757855e47	43c36a04-707d-4ef8-abd2-875784aee0e0	2019-07-17 06:33:19	2019-07-17 06:38:19
98a7fffe-d3a3-468a-9fc9-40e153e4d6ea	43c36a04-707d-4ef8-abd2-875784aee0e0	2019-07-17 06:38:39	2019-07-17 06:43:39
21bf8fd0-ca11-42ae-8aef-512344adc416	43c36a04-707d-4ef8-abd2-875784aee0e0	2019-07-17 06:50:40	2019-07-17 06:55:40
3a2274a6-4171-406f-8dd2-a2d7a3e1d07e	43c36a04-707d-4ef8-abd2-875784aee0e0	2019-07-17 07:01:49	2019-07-17 07:06:49
40cb4908-a110-4570-94ab-47af72daa07c	43c36a04-707d-4ef8-abd2-875784aee0e0	2019-07-17 07:07:36	2019-07-17 07:12:36
6e3a086b-7430-4c43-8308-8c9b6fc516a1	43c36a04-707d-4ef8-abd2-875784aee0e0	2019-07-17 07:17:56	2019-07-17 07:22:56
06d6a1ce-e00f-455d-bbb0-882e396acc64	43c36a04-707d-4ef8-abd2-875784aee0e0	2019-07-17 07:23:06	2019-07-17 07:28:06
3c7914db-7e80-462a-897f-ecd7e002e769	43c36a04-707d-4ef8-abd2-875784aee0e0	2019-07-17 09:33:44	2019-07-17 09:38:44
3771358c-377c-4c30-9c80-ee1c87ddc018	43c36a04-707d-4ef8-abd2-875784aee0e0	2019-07-17 09:45:07	2019-07-17 09:50:07
616fec65-f29b-4d1c-8651-79376199f0ff	43c36a04-707d-4ef8-abd2-875784aee0e0	2019-07-17 10:02:16	2019-07-17 10:07:16
11e02f42-cb70-4478-ae16-45efe7ed6f56	0e3c90e1-2996-44ca-82e5-83c44d19f8c0	2019-07-17 10:24:55	2019-07-17 10:29:55
833ebdce-f467-4d7e-864c-f3a50be9b2fc	0e3c90e1-2996-44ca-82e5-83c44d19f8c0	2019-07-17 10:34:48	2019-07-17 10:39:48
5841562d-4f7b-492c-a213-0c7ba89c0109	0e3c90e1-2996-44ca-82e5-83c44d19f8c0	2019-07-17 10:40:21	2019-07-17 10:45:21
6523f8fd-e955-4b4d-a4a7-7d15ccb37b9b	0e3c90e1-2996-44ca-82e5-83c44d19f8c0	2019-07-17 10:45:59	2019-07-17 10:50:59
08d40662-9605-4732-95e3-dbca981cafce	0e3c90e1-2996-44ca-82e5-83c44d19f8c0	2019-07-17 10:51:36	2019-07-17 10:56:36
74fd93e2-6809-4082-9ba2-46605b9376ae	0e3c90e1-2996-44ca-82e5-83c44d19f8c0	2019-07-17 10:57:04	2019-07-17 11:02:04
b9653a8b-77a4-45be-9e88-a720f67a4ab3	0e3c90e1-2996-44ca-82e5-83c44d19f8c0	2019-07-17 11:10:06	2019-07-17 11:15:06
eab91ef2-c6c4-4eec-b831-efb6e5f23865	0e3c90e1-2996-44ca-82e5-83c44d19f8c0	2019-07-17 11:32:00	2019-07-17 11:37:00
95cf5102-00c3-42b0-8999-118e3f9f9bb5	0e3c90e1-2996-44ca-82e5-83c44d19f8c0	2019-07-17 11:47:33	2019-07-17 11:52:33
b12b5735-4591-4d0b-8c85-106b57beeda0	0e3c90e1-2996-44ca-82e5-83c44d19f8c0	2019-07-17 15:36:24	2019-07-17 15:41:24
b175fedc-95fb-4181-8322-f4707b2ca790	0e3c90e1-2996-44ca-82e5-83c44d19f8c0	2019-07-17 15:55:28	2019-07-17 16:00:28
d899d36c-a6af-4dec-97ae-c1635b18e339	0e3c90e1-2996-44ca-82e5-83c44d19f8c0	2019-07-17 15:55:39	2019-07-17 16:00:39
2b0862a9-e38f-4479-8f03-b795c104ff66	0e3c90e1-2996-44ca-82e5-83c44d19f8c0	2019-07-17 15:56:19	2019-07-17 16:01:19
bbb05a17-cd49-4457-96d5-e3916dcb0396	0e3c90e1-2996-44ca-82e5-83c44d19f8c0	2019-07-17 15:56:24	2019-07-17 16:01:24
439cd877-29bf-46a8-a4b0-cbf97c649d65	0e3c90e1-2996-44ca-82e5-83c44d19f8c0	2019-07-17 15:57:35	2019-07-17 16:02:35
da111b07-99b9-4ec6-9948-779d00cf7109	0e3c90e1-2996-44ca-82e5-83c44d19f8c0	2019-07-17 15:57:41	2019-07-17 16:02:41
d55084c3-83d0-48c2-8bdd-ac98c4def97f	0e3c90e1-2996-44ca-82e5-83c44d19f8c0	2019-07-17 15:57:44	2019-07-17 16:02:44
d38c552e-c58d-412d-93ab-d20ecf17d54b	0e3c90e1-2996-44ca-82e5-83c44d19f8c0	2019-07-17 15:59:56	2019-07-17 16:04:56
0ae2d9cd-7140-480e-9c62-911c23ddc3be	0e3c90e1-2996-44ca-82e5-83c44d19f8c0	2019-07-17 16:06:21	2019-07-17 16:11:21
38411ec9-b664-45e6-85cc-8c8b390cee56	0e3c90e1-2996-44ca-82e5-83c44d19f8c0	2019-07-17 16:10:30	2019-07-17 16:15:30
3909f28c-9f12-4388-84a3-e1d11b1b17d4	0e3c90e1-2996-44ca-82e5-83c44d19f8c0	2019-07-17 16:14:52	2019-07-17 16:19:52
c2132eb9-b149-480f-adac-2faf7e5c91ce	0e3c90e1-2996-44ca-82e5-83c44d19f8c0	2019-07-17 16:16:38	2019-07-17 16:21:38
7863c683-5742-4456-b94f-d8e990eac398	0e3c90e1-2996-44ca-82e5-83c44d19f8c0	2019-07-17 16:17:23	2019-07-17 16:22:23
ad180a1f-53a6-43f8-988c-71cb84fa450b	0e3c90e1-2996-44ca-82e5-83c44d19f8c0	2019-07-17 16:18:22	2019-07-17 16:23:22
7534b384-05e5-4d47-981b-27bb714f4521	0e3c90e1-2996-44ca-82e5-83c44d19f8c0	2019-07-17 16:19:03	2019-07-17 16:24:03
1e5db7b5-dda3-42d3-961a-1132a090de05	0e3c90e1-2996-44ca-82e5-83c44d19f8c0	2019-07-17 16:20:29	2019-07-17 16:25:29
a691bd77-c6f1-4230-b923-428a65f4f93e	0e3c90e1-2996-44ca-82e5-83c44d19f8c0	2019-07-17 16:21:08	2019-07-17 16:26:08
b0c0269c-806e-419d-bbef-19d3d6ec9511	0e3c90e1-2996-44ca-82e5-83c44d19f8c0	2019-07-17 16:22:14	2019-07-17 16:27:14
87ae5f23-b8b0-4809-b14e-29e579754209	0e3c90e1-2996-44ca-82e5-83c44d19f8c0	2019-07-17 16:22:33	2019-07-17 16:27:33
d06df246-ea63-4da5-a2ea-3592d2494426	0e3c90e1-2996-44ca-82e5-83c44d19f8c0	2019-07-17 16:22:52	2019-07-17 16:27:52
6ab9af73-433e-47f7-afb3-efbda4800b89	0e3c90e1-2996-44ca-82e5-83c44d19f8c0	2019-07-17 16:23:06	2019-07-17 16:28:06
7bef4993-5575-40ce-84d3-43b3b3991515	0e3c90e1-2996-44ca-82e5-83c44d19f8c0	2019-07-17 16:23:14	2019-07-17 16:28:14
84db1213-72db-4e67-b0fc-e0bb9e0e385d	0e3c90e1-2996-44ca-82e5-83c44d19f8c0	2019-07-17 16:23:34	2019-07-17 16:28:34
be694b09-cdac-4458-92e4-3f7a38ba1f6e	0e3c90e1-2996-44ca-82e5-83c44d19f8c0	2019-07-17 16:23:40	2019-07-17 16:28:40
fd2b85bb-47a6-4fda-9859-034411f3c719	0e3c90e1-2996-44ca-82e5-83c44d19f8c0	2019-07-17 16:23:52	2019-07-17 16:28:52
570d3149-fffe-469c-b347-95663f780a37	0e3c90e1-2996-44ca-82e5-83c44d19f8c0	2019-07-17 16:24:01	2019-07-17 16:29:01
d9593c75-6f89-4e50-b2c8-4ad533aba5ba	0e3c90e1-2996-44ca-82e5-83c44d19f8c0	2019-07-17 16:24:04	2019-07-17 16:29:04
13ec7df3-4cb5-48a9-bd60-4f04fdc9879f	0e3c90e1-2996-44ca-82e5-83c44d19f8c0	2019-07-17 16:24:34	2019-07-17 16:29:34
2847c6ab-12b4-4b70-8be3-7e1f242b2cd5	0e3c90e1-2996-44ca-82e5-83c44d19f8c0	2019-07-17 16:24:35	2019-07-17 16:29:35
934b99ec-52b7-4ab3-9442-fa5ef5663b6c	0e3c90e1-2996-44ca-82e5-83c44d19f8c0	2019-07-17 16:24:42	2019-07-17 16:29:42
0b9b1209-c8ee-412d-8a65-09318b2e4805	0e3c90e1-2996-44ca-82e5-83c44d19f8c0	2019-07-17 16:25:51	2019-07-17 16:30:51
28e86169-1d61-42c5-aac1-776bd586556f	0e3c90e1-2996-44ca-82e5-83c44d19f8c0	2019-07-17 16:25:58	2019-07-17 16:30:58
53405669-6ca4-4dea-97cd-10ad201c5d04	0e3c90e1-2996-44ca-82e5-83c44d19f8c0	2019-07-17 16:29:58	2019-07-17 16:34:58
ee04ae37-7bce-48e0-b353-707f2af59ebb	0e3c90e1-2996-44ca-82e5-83c44d19f8c0	2019-07-17 16:29:59	2019-07-17 16:34:59
a0d28295-7a82-4269-b35a-62af20a89695	43c36a04-707d-4ef8-abd2-875784aee0e0	2019-07-17 16:30:08	2019-07-17 16:35:08
9cea0a32-f6bf-419a-8805-a07c86b8947f	0e3c90e1-2996-44ca-82e5-83c44d19f8c0	2019-07-17 16:30:53	2019-07-17 16:35:53
5d2be22d-9bd6-4e62-8712-2fab175d4af0	0e3c90e1-2996-44ca-82e5-83c44d19f8c0	2019-07-17 16:30:55	2019-07-17 16:35:55
24b4fdcb-7df2-46dd-a4cc-680a31c34c1d	0e3c90e1-2996-44ca-82e5-83c44d19f8c0	2019-07-17 16:31:39	2019-07-17 16:36:39
cebbecae-4633-4b48-9d15-744b35579f87	0e3c90e1-2996-44ca-82e5-83c44d19f8c0	2019-07-17 16:31:40	2019-07-17 16:36:40
f902b616-8127-4c5a-b908-c97ce19920e3	0e3c90e1-2996-44ca-82e5-83c44d19f8c0	2019-07-17 16:32:33	2019-07-17 16:37:33
7ac26261-63da-4ff4-93e3-487ac2fc756a	0e3c90e1-2996-44ca-82e5-83c44d19f8c0	2019-07-17 16:32:34	2019-07-17 16:37:34
ed52337f-b4b8-4db7-8add-6499b407cc71	0e3c90e1-2996-44ca-82e5-83c44d19f8c0	2019-07-17 16:32:37	2019-07-17 16:37:37
271ca333-2ad7-4042-9502-491e54ce98d4	0e3c90e1-2996-44ca-82e5-83c44d19f8c0	2019-07-17 16:32:39	2019-07-17 16:37:39
9f333033-e3b3-46e2-9fdf-d4c29ba4cb12	0e3c90e1-2996-44ca-82e5-83c44d19f8c0	2019-07-17 16:32:43	2019-07-17 16:37:43
63729c92-6634-4c07-934f-22f84d0e83a8	0e3c90e1-2996-44ca-82e5-83c44d19f8c0	2019-07-17 16:32:44	2019-07-17 16:37:44
7bb01ed4-ad0a-4047-86e9-c756ae0e5b41	0e3c90e1-2996-44ca-82e5-83c44d19f8c0	2019-07-17 16:32:49	2019-07-17 16:37:49
c9318b5c-a7ae-4bb0-9500-ac76413cb1cb	0e3c90e1-2996-44ca-82e5-83c44d19f8c0	2019-07-17 16:32:51	2019-07-17 16:37:51
8b1be21f-6bdc-47d1-8a81-430c712589d6	0e3c90e1-2996-44ca-82e5-83c44d19f8c0	2019-07-17 16:32:55	2019-07-17 16:37:55
bfa626c4-1b99-4046-8239-f6629ed0cf55	0e3c90e1-2996-44ca-82e5-83c44d19f8c0	2019-07-17 16:32:57	2019-07-17 16:37:57
81e2f396-bf62-4888-a9a0-0923152ee935	0e3c90e1-2996-44ca-82e5-83c44d19f8c0	2019-07-17 16:33:04	2019-07-17 16:38:04
67f2cbe5-0dde-4432-a6f2-66a383635761	0e3c90e1-2996-44ca-82e5-83c44d19f8c0	2019-07-17 16:33:05	2019-07-17 16:38:05
24e842ef-4cb1-4d8f-b7fc-1f98a6775187	0e3c90e1-2996-44ca-82e5-83c44d19f8c0	2019-07-17 16:34:42	2019-07-17 16:39:42
ed019a94-c31f-495a-a232-f160704035c1	0e3c90e1-2996-44ca-82e5-83c44d19f8c0	2019-07-17 16:34:46	2019-07-17 16:39:46
793aeb09-b237-48f0-8984-967fe046d3df	0e3c90e1-2996-44ca-82e5-83c44d19f8c0	2019-07-19 04:30:02	2019-07-19 04:35:02
81baba21-3a7b-4abb-bb11-fe14c84205ec	0e3c90e1-2996-44ca-82e5-83c44d19f8c0	2019-07-19 04:30:12	2019-07-19 04:35:12
ff9b27d1-20c4-4de3-b71d-964e169e2e81	4b0c3664-93b3-4016-82a9-a474f6f6cb05	2019-07-18 08:23:45	2019-07-18 08:28:45
13720b12-2d9f-4708-b1e0-3c929b80b364	0e3c90e1-2996-44ca-82e5-83c44d19f8c0	2019-07-19 04:31:23	2019-07-19 04:36:23
2617a70e-bfa2-4138-929d-5f27dc2aaa19	0e3c90e1-2996-44ca-82e5-83c44d19f8c0	2019-07-19 04:31:37	2019-07-19 04:36:37
f0b12392-458f-4393-89ac-d5781f91e8be	4b0c3664-93b3-4016-82a9-a474f6f6cb05	2019-07-18 08:44:57	2019-07-18 08:49:57
9eae0aa8-6a8e-449e-a7ea-093b217b9b47	0e3c90e1-2996-44ca-82e5-83c44d19f8c0	2019-07-19 04:31:46	2019-07-19 04:36:46
19916eb8-91f6-440d-8506-dd0dded261d2	0e3c90e1-2996-44ca-82e5-83c44d19f8c0	2019-07-19 04:32:25	2019-07-19 04:37:25
f35cd524-7ec4-4069-b9a9-2fd01e4b8af4	4b0c3664-93b3-4016-82a9-a474f6f6cb05	2019-07-18 08:55:26	2019-07-18 09:00:26
abe23991-9e02-4113-966c-80ab7c019a4a	0e3c90e1-2996-44ca-82e5-83c44d19f8c0	2019-07-19 04:33:13	2019-07-19 04:38:13
a32cd2ec-78be-460f-a57b-baad6d2a85f0	0e3c90e1-2996-44ca-82e5-83c44d19f8c0	2019-07-19 04:33:45	2019-07-19 04:38:45
487e561f-e4c3-4f01-a59b-5964ab2054e4	0e3c90e1-2996-44ca-82e5-83c44d19f8c0	2019-07-19 04:33:49	2019-07-19 04:38:49
19c61040-a08a-499c-9b84-a9514ee5e9da	0e3c90e1-2996-44ca-82e5-83c44d19f8c0	2019-07-19 04:34:31	2019-07-19 04:39:31
d8d0abe2-58af-424f-bf67-d977a0b7d1b3	4b0c3664-93b3-4016-82a9-a474f6f6cb05	2019-07-18 09:19:35	2019-07-18 09:24:35
7eadcb5a-dc98-40ac-8c39-e1e7f3062385	0e3c90e1-2996-44ca-82e5-83c44d19f8c0	2019-07-19 04:34:36	2019-07-19 04:39:36
da8a1f85-538e-43d5-9172-06d9c1e91ff7	0e3c90e1-2996-44ca-82e5-83c44d19f8c0	2019-07-19 04:35:02	2019-07-19 04:40:02
7055723c-87ef-4421-b3f7-4a052984abdd	0e3c90e1-2996-44ca-82e5-83c44d19f8c0	2019-07-18 09:27:38	2019-07-18 09:32:38
01d718cb-508a-4513-8797-ed718fc6e167	0e3c90e1-2996-44ca-82e5-83c44d19f8c0	2019-07-18 10:59:21	2019-07-18 11:04:21
3c45489a-4d46-4746-9eaa-b0ef49de9adc	0e3c90e1-2996-44ca-82e5-83c44d19f8c0	2019-07-18 11:12:43	2019-07-18 11:17:43
ca3fedac-7d53-454f-b837-a57daf4a4a3e	0e3c90e1-2996-44ca-82e5-83c44d19f8c0	2019-07-18 11:22:58	2019-07-18 11:27:58
f2141800-160e-44d4-ac97-366c618f150a	0e3c90e1-2996-44ca-82e5-83c44d19f8c0	2019-07-18 11:28:14	2019-07-18 11:33:14
d19380ca-95a0-4323-a85c-b09461c429a4	0e3c90e1-2996-44ca-82e5-83c44d19f8c0	2019-07-18 11:33:46	2019-07-18 11:38:46
ca1fd79a-cdb6-4210-9782-f32cbf6b6ae7	0e3c90e1-2996-44ca-82e5-83c44d19f8c0	2019-07-18 11:39:02	2019-07-18 11:44:02
53c41301-7d56-4cd4-8714-f94b0399ca47	0e3c90e1-2996-44ca-82e5-83c44d19f8c0	2019-07-19 04:35:51	2019-07-19 04:40:51
0928478a-6275-4711-9fb8-62359b389b9c	0e3c90e1-2996-44ca-82e5-83c44d19f8c0	2019-07-18 15:12:18	2019-07-18 15:17:18
b34060b6-b06e-4883-b231-0625d8c9f784	0e3c90e1-2996-44ca-82e5-83c44d19f8c0	2019-07-18 16:56:29	2019-07-18 17:01:29
95c7b845-4c89-4fcb-9132-92e09fb7be21	0e3c90e1-2996-44ca-82e5-83c44d19f8c0	2019-07-19 04:49:06	2019-07-19 04:54:06
3faaf0c9-e318-43d0-816a-5496741ac1e1	0e3c90e1-2996-44ca-82e5-83c44d19f8c0	2019-07-19 04:50:04	2019-07-19 04:55:04
3fed4710-1145-4b8a-871f-e8d1587e05bc	0e3c90e1-2996-44ca-82e5-83c44d19f8c0	2019-07-19 04:50:08	2019-07-19 04:55:08
f1c7e700-ecfd-4799-842c-de9a6558af2a	0e3c90e1-2996-44ca-82e5-83c44d19f8c0	2019-07-19 05:16:06	2019-07-19 05:21:06
154b545b-4062-4025-a668-d7b216baedac	0e3c90e1-2996-44ca-82e5-83c44d19f8c0	2019-07-19 05:16:28	2019-07-19 05:21:28
9ced64d4-1ddb-4e74-9254-a852f2070005	0e3c90e1-2996-44ca-82e5-83c44d19f8c0	2019-07-19 05:17:23	2019-07-19 05:22:23
55c2c935-375a-45d3-9399-a14d4c37c461	0e3c90e1-2996-44ca-82e5-83c44d19f8c0	2019-07-19 05:19:10	2019-07-19 05:24:10
ed0e3084-9775-4210-a891-65877d5c20e9	0e3c90e1-2996-44ca-82e5-83c44d19f8c0	2019-07-19 05:19:22	2019-07-19 05:24:22
b851badd-2b71-456e-a5d5-08272a82440f	0e3c90e1-2996-44ca-82e5-83c44d19f8c0	2019-07-19 05:19:43	2019-07-19 05:24:43
8fe72c99-2ddc-4c09-b397-8553425ee4ec	0e3c90e1-2996-44ca-82e5-83c44d19f8c0	2019-07-19 05:20:20	2019-07-19 05:25:20
5f40bef9-6092-4170-9365-5a71eceeb876	0e3c90e1-2996-44ca-82e5-83c44d19f8c0	2019-07-19 05:21:20	2019-07-19 05:26:20
0646d08c-e419-4b2b-8ad1-43c70720fd20	0e3c90e1-2996-44ca-82e5-83c44d19f8c0	2019-07-19 05:21:34	2019-07-19 05:26:34
d39be169-ee50-4db9-a66b-7fe08b89d476	0e3c90e1-2996-44ca-82e5-83c44d19f8c0	2019-07-19 05:35:00	2019-07-19 05:40:00
ee7423c7-6286-47dd-bf5b-83e23a6eb758	0e3c90e1-2996-44ca-82e5-83c44d19f8c0	2019-07-19 05:36:40	2019-07-19 05:41:40
2de96546-fe48-44ec-868d-fff5100f213b	0e3c90e1-2996-44ca-82e5-83c44d19f8c0	2019-07-19 05:37:32	2019-07-19 05:42:32
63377532-8dd5-432e-aaea-d71c8f0b0f81	0e3c90e1-2996-44ca-82e5-83c44d19f8c0	2019-07-19 05:44:45	2019-07-19 05:49:45
8df24f91-3613-40d9-be37-d18b7cdb7017	0e3c90e1-2996-44ca-82e5-83c44d19f8c0	2019-07-19 05:45:29	2019-07-19 05:50:29
d0152108-63d5-4692-a53d-365bd9e89dcb	0e3c90e1-2996-44ca-82e5-83c44d19f8c0	2019-07-19 05:46:03	2019-07-19 05:51:03
eaef7970-91d5-4178-b7e8-88b46f5e5e04	0e3c90e1-2996-44ca-82e5-83c44d19f8c0	2019-07-19 05:46:11	2019-07-19 05:51:11
e88733ee-ee83-4db5-ad17-de5cc5728abe	0e3c90e1-2996-44ca-82e5-83c44d19f8c0	2019-07-19 05:46:25	2019-07-19 05:51:25
b266a669-6e4e-4160-91e4-d9aec080f927	0e3c90e1-2996-44ca-82e5-83c44d19f8c0	2019-07-19 05:46:42	2019-07-19 05:51:42
71267695-4df1-46ae-9836-8c0db91ee99a	0e3c90e1-2996-44ca-82e5-83c44d19f8c0	2019-07-19 05:47:00	2019-07-19 05:52:00
4e0df73b-f408-42d6-a960-bd22e949bc11	0e3c90e1-2996-44ca-82e5-83c44d19f8c0	2019-07-19 05:47:37	2019-07-19 05:52:37
89772354-c8ef-41d6-96fb-ef3e9ae25e23	0e3c90e1-2996-44ca-82e5-83c44d19f8c0	2019-07-19 06:52:46	2019-07-19 06:57:46
d301c207-cda0-4993-8699-3969a1a24fcb	0e3c90e1-2996-44ca-82e5-83c44d19f8c0	2019-07-19 07:00:26	2019-07-19 07:05:26
6abf2bc6-d92b-4cac-819a-1d43f42aec45	0e3c90e1-2996-44ca-82e5-83c44d19f8c0	2019-07-19 07:00:40	2019-07-19 07:05:40
87fe44bf-bdbf-43ea-890d-fda48fb5f0ff	0e3c90e1-2996-44ca-82e5-83c44d19f8c0	2019-07-19 07:00:44	2019-07-19 07:05:44
2f86f649-fa5a-47bb-920d-19aa46d4626c	0e3c90e1-2996-44ca-82e5-83c44d19f8c0	2019-07-19 07:01:39	2019-07-19 07:06:39
fd17ba2f-d2dd-479d-8ce3-75bffde8c438	0e3c90e1-2996-44ca-82e5-83c44d19f8c0	2019-07-19 07:02:02	2019-07-19 07:07:02
6eeb1875-a924-48c6-904d-458985f6ef84	0e3c90e1-2996-44ca-82e5-83c44d19f8c0	2019-07-19 07:04:19	2019-07-19 07:09:19
38a2f938-0de3-4c30-a0d4-e232b6329feb	0e3c90e1-2996-44ca-82e5-83c44d19f8c0	2019-07-19 07:04:34	2019-07-19 07:09:34
3d8efdaf-dcf0-4c99-bfff-1ccb9c0d4909	0e3c90e1-2996-44ca-82e5-83c44d19f8c0	2019-07-19 07:06:07	2019-07-19 07:11:07
b16e3793-2adb-49b2-ba37-c3c3bb76d299	0e3c90e1-2996-44ca-82e5-83c44d19f8c0	2019-07-19 07:06:20	2019-07-19 07:11:20
636a4d08-4f62-433a-bb95-7ae01a70d367	0e3c90e1-2996-44ca-82e5-83c44d19f8c0	2019-07-19 07:07:03	2019-07-19 07:12:03
b6ad5b86-9acb-42bc-977a-c879e0628e64	0e3c90e1-2996-44ca-82e5-83c44d19f8c0	2019-07-19 07:13:31	2019-07-19 07:18:31
eeaf61ee-c1c8-4e0a-b0a3-058d2e013abe	0e3c90e1-2996-44ca-82e5-83c44d19f8c0	2019-07-19 07:13:46	2019-07-19 07:18:46
fb202b1e-1d89-4921-b17d-ae0c3d8eebbe	0e3c90e1-2996-44ca-82e5-83c44d19f8c0	2019-07-19 07:14:07	2019-07-19 07:19:07
a6c03d2a-b5c2-4a31-afc8-389a60871905	0e3c90e1-2996-44ca-82e5-83c44d19f8c0	2019-07-19 07:14:11	2019-07-19 07:19:11
3732b166-4771-49c7-9ff9-655a20439ad2	0e3c90e1-2996-44ca-82e5-83c44d19f8c0	2019-07-19 07:14:23	2019-07-19 07:19:23
65a8f744-a6c9-4623-833d-a6acbadcdff5	0e3c90e1-2996-44ca-82e5-83c44d19f8c0	2019-07-19 07:15:29	2019-07-19 07:20:29
aef6dfe0-ba5b-4684-923c-562be0455004	0e3c90e1-2996-44ca-82e5-83c44d19f8c0	2019-07-19 07:15:47	2019-07-19 07:20:47
152e26a9-7bf3-42bf-b397-c14f016e1425	0e3c90e1-2996-44ca-82e5-83c44d19f8c0	2019-07-19 07:16:04	2019-07-19 07:21:04
df04265b-078e-40bb-849d-f73f3ded1df4	0e3c90e1-2996-44ca-82e5-83c44d19f8c0	2019-07-19 07:16:35	2019-07-19 07:21:35
eaa5ca41-188e-4772-a4cd-8466e1dc3ac7	0e3c90e1-2996-44ca-82e5-83c44d19f8c0	2019-07-19 07:16:56	2019-07-19 07:21:56
2086ab1a-f5a0-4a68-bfc2-2a066d37d001	0e3c90e1-2996-44ca-82e5-83c44d19f8c0	2019-07-19 07:17:26	2019-07-19 07:22:26
755b608f-30cc-4030-8867-b7a04980767b	0e3c90e1-2996-44ca-82e5-83c44d19f8c0	2019-07-19 07:17:52	2019-07-19 07:22:52
f2a7eedd-4420-418c-935c-3a282f100cc9	0e3c90e1-2996-44ca-82e5-83c44d19f8c0	2019-07-19 07:18:24	2019-07-19 07:23:24
c6f3ea93-bf25-4955-bdbc-2375ada950cb	0e3c90e1-2996-44ca-82e5-83c44d19f8c0	2019-07-19 07:20:25	2019-07-19 07:25:25
7c2db57f-bd71-407a-acc6-e1bf54d42548	0e3c90e1-2996-44ca-82e5-83c44d19f8c0	2019-07-19 07:20:55	2019-07-19 07:25:55
e1c06b65-8f41-48f8-ab2b-617f209635f5	0e3c90e1-2996-44ca-82e5-83c44d19f8c0	2019-07-19 07:21:12	2019-07-19 07:26:12
77cc74cb-6e7c-4533-9dd3-09672f24f183	0e3c90e1-2996-44ca-82e5-83c44d19f8c0	2019-07-19 07:21:47	2019-07-19 07:26:47
c05193bf-c370-4d96-bdb4-dc3caf58662d	0e3c90e1-2996-44ca-82e5-83c44d19f8c0	2019-07-19 09:03:55	2019-07-19 09:08:55
1940fe2b-5146-48a2-ba3e-7b04b2c49a83	0e3c90e1-2996-44ca-82e5-83c44d19f8c0	2019-07-19 09:04:54	2019-07-19 09:09:54
5518114c-16c5-41de-ac07-5e3c31860c94	0e3c90e1-2996-44ca-82e5-83c44d19f8c0	2019-07-19 09:06:20	2019-07-19 09:11:20
95de28e3-ca7b-4716-a940-7d03d9170a3a	0e3c90e1-2996-44ca-82e5-83c44d19f8c0	2019-07-19 09:06:33	2019-07-19 09:11:33
30433041-87a4-427e-962a-f0a3d56b5f4b	0e3c90e1-2996-44ca-82e5-83c44d19f8c0	2019-07-19 09:09:26	2019-07-19 09:14:26
53a1de70-d680-4711-9f01-38f8fac9d7dc	0e3c90e1-2996-44ca-82e5-83c44d19f8c0	2019-07-19 09:23:19	2019-07-19 09:28:19
199b889c-19c5-42e8-a71d-3eacc319c9e7	43c36a04-707d-4ef8-abd2-875784aee0e0	2019-07-19 09:26:31	2019-07-19 09:31:31
2f3e3a02-1247-4490-a651-2f5022121f2f	4b0c3664-93b3-4016-82a9-a474f6f6cb05	2019-07-19 09:57:54	2019-07-19 10:02:54
4741d95f-f4ad-4c48-bbbd-873cd9db1146	0e3c90e1-2996-44ca-82e5-83c44d19f8c0	2019-07-19 09:58:49	2019-07-19 10:03:49
248308f0-3a1e-4052-a3c9-45af057e12e3	0e3c90e1-2996-44ca-82e5-83c44d19f8c0	2019-07-19 10:02:29	2019-07-19 10:07:29
c0c12126-d331-4410-908d-a09331b5d912	0e3c90e1-2996-44ca-82e5-83c44d19f8c0	2019-07-19 10:04:18	2019-07-19 10:09:18
e124dccb-d43b-4125-8dac-ea35220e4dba	0e3c90e1-2996-44ca-82e5-83c44d19f8c0	2019-07-19 10:04:26	2019-07-19 10:09:26
6df1a876-a701-4c40-b1be-4770307b9484	0e3c90e1-2996-44ca-82e5-83c44d19f8c0	2019-07-19 10:04:44	2019-07-19 10:09:44
f5211bae-2111-4742-942c-6ef642c43053	0e3c90e1-2996-44ca-82e5-83c44d19f8c0	2019-07-19 10:08:10	2019-07-19 10:13:10
93ddf2c1-f57a-4c54-8251-cd1479fe1490	0e3c90e1-2996-44ca-82e5-83c44d19f8c0	2019-07-19 10:08:22	2019-07-19 10:13:22
de19022f-922f-4f97-9fbe-d232aeb45c17	0e3c90e1-2996-44ca-82e5-83c44d19f8c0	2019-07-19 10:08:33	2019-07-19 10:13:33
6b1eeb21-9c54-4797-9a3c-86c432dac562	0e3c90e1-2996-44ca-82e5-83c44d19f8c0	2019-07-19 10:10:42	2019-07-19 10:15:42
c887d104-e3d3-4523-a36c-c894a61cf8b6	0e3c90e1-2996-44ca-82e5-83c44d19f8c0	2019-07-19 10:10:43	2019-07-19 10:15:43
dba50364-561e-4389-8709-95190510cde0	0e3c90e1-2996-44ca-82e5-83c44d19f8c0	2019-07-19 10:11:03	2019-07-19 10:16:03
a60055d1-e4ae-4234-8ed7-640a7eaa2ea7	0e3c90e1-2996-44ca-82e5-83c44d19f8c0	2019-07-19 10:11:08	2019-07-19 10:16:08
7e193d34-10e4-4af0-85c1-2679f37087e8	0e3c90e1-2996-44ca-82e5-83c44d19f8c0	2019-07-19 10:11:28	2019-07-19 10:16:28
33bab8fc-d6cb-4836-98b0-969dd845d03c	0e3c90e1-2996-44ca-82e5-83c44d19f8c0	2019-07-19 10:11:51	2019-07-19 10:16:51
12aaf43f-91ff-4b67-851a-5c610160c7e9	0e3c90e1-2996-44ca-82e5-83c44d19f8c0	2019-07-19 10:12:01	2019-07-19 10:17:01
e5cb5c8d-fdfa-4077-8908-71c582c891d7	0e3c90e1-2996-44ca-82e5-83c44d19f8c0	2019-07-19 10:12:22	2019-07-19 10:17:22
04de4113-0242-401a-9209-3eb72ab16858	0e3c90e1-2996-44ca-82e5-83c44d19f8c0	2019-07-19 10:20:24	2019-07-19 10:25:24
b3567e81-7b07-4307-a763-e4a455ea684c	0e3c90e1-2996-44ca-82e5-83c44d19f8c0	2019-07-19 10:20:26	2019-07-19 10:25:26
e2a007c3-421a-47cd-a55d-037b649d24f9	0e3c90e1-2996-44ca-82e5-83c44d19f8c0	2019-07-19 10:21:13	2019-07-19 10:26:13
68d2fb63-6ea5-4312-a049-65e172566a19	0e3c90e1-2996-44ca-82e5-83c44d19f8c0	2019-07-19 10:21:14	2019-07-19 10:26:14
19bb4721-702d-421c-9bbc-788258a88ca1	0e3c90e1-2996-44ca-82e5-83c44d19f8c0	2019-07-19 10:21:19	2019-07-19 10:26:19
d0a5fbee-bdd1-4b28-aa5f-92c3f8501c0f	0e3c90e1-2996-44ca-82e5-83c44d19f8c0	2019-07-19 10:21:43	2019-07-19 10:26:43
0875f7b5-bd88-48c2-a3d9-b612df70ac0e	0e3c90e1-2996-44ca-82e5-83c44d19f8c0	2019-07-19 10:21:44	2019-07-19 10:26:44
46357bec-27f6-408b-8066-521b1cdc1424	0e3c90e1-2996-44ca-82e5-83c44d19f8c0	2019-07-19 10:21:45	2019-07-19 10:26:45
f8b441dc-ef78-46ff-a88f-593a443b9139	0e3c90e1-2996-44ca-82e5-83c44d19f8c0	2019-07-19 10:22:19	2019-07-19 10:27:19
b31bd710-3c9f-4e9c-bf07-61c26f622b07	0e3c90e1-2996-44ca-82e5-83c44d19f8c0	2019-07-19 10:22:32	2019-07-19 10:27:32
aead4e6c-63b9-4aab-a4ff-457fe70411ea	0e3c90e1-2996-44ca-82e5-83c44d19f8c0	2019-07-19 10:22:55	2019-07-19 10:27:55
ba989cb8-5c95-4b8a-aaa2-bf5fa58f0248	0e3c90e1-2996-44ca-82e5-83c44d19f8c0	2019-07-19 10:23:03	2019-07-19 10:28:03
e6b65929-cabf-49a3-974b-fb36f870649c	0e3c90e1-2996-44ca-82e5-83c44d19f8c0	2019-07-19 10:33:43	2019-07-19 10:38:43
8e04122b-43ce-4cbd-bf18-0457c0602411	0e3c90e1-2996-44ca-82e5-83c44d19f8c0	2019-07-19 10:33:59	2019-07-19 10:38:59
f502361c-068f-41bb-9b5b-91509065b776	0e3c90e1-2996-44ca-82e5-83c44d19f8c0	2019-07-19 10:34:02	2019-07-19 10:39:02
41b204e6-77c1-4dcb-b6bc-ac56614b960a	0e3c90e1-2996-44ca-82e5-83c44d19f8c0	2019-07-19 10:34:03	2019-07-19 10:39:03
de5dec6d-9e98-424f-a4fe-c7f9478606d0	0e3c90e1-2996-44ca-82e5-83c44d19f8c0	2019-07-19 10:34:08	2019-07-19 10:39:08
5a02ae44-f1e6-4b37-b82d-040b1049957e	0e3c90e1-2996-44ca-82e5-83c44d19f8c0	2019-07-19 10:34:09	2019-07-19 10:39:09
366563b6-f1ca-42d5-b320-6fd4350aa14d	0e3c90e1-2996-44ca-82e5-83c44d19f8c0	2019-07-19 10:34:11	2019-07-19 10:39:11
b77ac7c1-985c-420c-98cf-39d5f4255466	0e3c90e1-2996-44ca-82e5-83c44d19f8c0	2019-07-19 10:34:12	2019-07-19 10:39:12
a9c01ee6-4cb3-4dfb-af69-8abc15d49e57	0e3c90e1-2996-44ca-82e5-83c44d19f8c0	2019-07-19 10:34:13	2019-07-19 10:39:13
24545257-08da-4367-98ff-6f38c49b2897	0e3c90e1-2996-44ca-82e5-83c44d19f8c0	2019-07-19 10:34:42	2019-07-19 10:39:42
2d5a1b17-abd9-4e62-af32-0856b47a5da9	0e3c90e1-2996-44ca-82e5-83c44d19f8c0	2019-07-19 10:34:44	2019-07-19 10:39:44
a350a388-d553-4630-98a7-b43f1244e976	0e3c90e1-2996-44ca-82e5-83c44d19f8c0	2019-07-19 10:34:46	2019-07-19 10:39:46
9f6261af-07af-408a-afa0-a5cf2ed7362b	0e3c90e1-2996-44ca-82e5-83c44d19f8c0	2019-07-19 10:34:51	2019-07-19 10:39:51
1309ad17-fe8e-4215-8ae0-2f7b395a8263	0e3c90e1-2996-44ca-82e5-83c44d19f8c0	2019-07-19 10:34:52	2019-07-19 10:39:52
7ff3bfac-dfed-4e87-8dae-7d3c485724c6	0e3c90e1-2996-44ca-82e5-83c44d19f8c0	2019-07-19 10:34:53	2019-07-19 10:39:53
5113f9c9-d24d-4744-9f4b-7691ed8f74c7	0e3c90e1-2996-44ca-82e5-83c44d19f8c0	2019-07-19 10:34:54	2019-07-19 10:39:54
59e110e0-5bee-4117-a096-9b2699930344	0e3c90e1-2996-44ca-82e5-83c44d19f8c0	2019-07-19 10:35:19	2019-07-19 10:40:19
883abd0b-545f-45f0-a160-adcaf18efd51	0e3c90e1-2996-44ca-82e5-83c44d19f8c0	2019-07-19 10:35:33	2019-07-19 10:40:33
c8741de4-64b3-4af6-bb2e-ec23ae037c0b	0e3c90e1-2996-44ca-82e5-83c44d19f8c0	2019-07-19 10:35:49	2019-07-19 10:40:49
9ce8dc18-142d-43be-a084-aa9f47cf05a5	0e3c90e1-2996-44ca-82e5-83c44d19f8c0	2019-07-19 10:36:15	2019-07-19 10:41:15
8c1a1ee4-8334-4d36-9203-cc0bf55b3e8b	0e3c90e1-2996-44ca-82e5-83c44d19f8c0	2019-07-19 10:38:57	2019-07-19 10:43:57
d904f30a-f698-4f73-b4b1-50154a14dd12	4b0c3664-93b3-4016-82a9-a474f6f6cb05	2019-07-19 10:40:24	2019-07-19 10:45:24
85265302-827c-4e51-bcc3-50071450d9e1	0e3c90e1-2996-44ca-82e5-83c44d19f8c0	2019-07-19 10:40:31	2019-07-19 10:45:31
182eee35-7450-4a60-9a31-3bcd4d1282fb	4b0c3664-93b3-4016-82a9-a474f6f6cb05	2019-07-19 10:41:30	2019-07-19 10:46:30
fe81bc59-86cd-4b2b-b913-07302b7206c2	4b0c3664-93b3-4016-82a9-a474f6f6cb05	2019-07-19 10:41:55	2019-07-19 10:46:55
a03c4011-04b9-4f4d-b452-5222705398cb	4b0c3664-93b3-4016-82a9-a474f6f6cb05	2019-07-19 10:42:30	2019-07-19 10:47:30
1b8174c5-db09-4796-a513-ff811b24aec7	4b0c3664-93b3-4016-82a9-a474f6f6cb05	2019-07-19 10:44:08	2019-07-19 10:49:08
f00ab0a2-09ca-4b7f-970c-056de0aa63f4	4b0c3664-93b3-4016-82a9-a474f6f6cb05	2019-07-19 10:44:26	2019-07-19 10:49:26
dab6658e-1775-49d3-8330-fbf1413fd296	4b0c3664-93b3-4016-82a9-a474f6f6cb05	2019-07-19 10:44:39	2019-07-19 10:49:39
b69f1297-5913-4516-a0c5-a4673d0c802b	4b0c3664-93b3-4016-82a9-a474f6f6cb05	2019-07-19 10:44:51	2019-07-19 10:49:51
8c520a34-6b27-4481-b25a-ed85bad0505d	4b0c3664-93b3-4016-82a9-a474f6f6cb05	2019-07-19 10:46:07	2019-07-19 10:51:07
e14f989a-4d7f-431d-96b6-c6d62e076412	4b0c3664-93b3-4016-82a9-a474f6f6cb05	2019-07-19 10:46:50	2019-07-19 10:51:50
a1e2f6ee-bebe-4a70-aa12-d79cbaedd7a5	4b0c3664-93b3-4016-82a9-a474f6f6cb05	2019-07-19 10:46:55	2019-07-19 10:51:55
991e7460-5c49-443f-af3a-3189c73c6376	4b0c3664-93b3-4016-82a9-a474f6f6cb05	2019-07-19 10:47:07	2019-07-19 10:52:07
644af064-204f-4284-903d-6a2dd88a7786	4b0c3664-93b3-4016-82a9-a474f6f6cb05	2019-07-19 10:47:27	2019-07-19 10:52:27
8f14354b-bf92-4f36-83b4-de37deb7217b	4b0c3664-93b3-4016-82a9-a474f6f6cb05	2019-07-19 10:47:35	2019-07-19 10:52:35
39617fdc-9102-42b7-a5d2-db183e9a6f48	0e3c90e1-2996-44ca-82e5-83c44d19f8c0	2019-07-19 10:48:55	2019-07-19 10:53:55
5d5295e9-b620-493b-9734-19f34550fdb1	0e3c90e1-2996-44ca-82e5-83c44d19f8c0	2019-07-19 10:48:57	2019-07-19 10:53:57
0d297a52-fb0d-4880-ae94-c23eae7ec6de	0e3c90e1-2996-44ca-82e5-83c44d19f8c0	2019-07-19 10:48:58	2019-07-19 10:53:58
dbed2ed3-5725-43da-ae7f-98103418b069	0e3c90e1-2996-44ca-82e5-83c44d19f8c0	2019-07-19 10:49:00	2019-07-19 10:54:00
8d4717ca-7e1e-4906-9542-60a7fb5e1364	0e3c90e1-2996-44ca-82e5-83c44d19f8c0	2019-07-19 10:49:01	2019-07-19 10:54:01
56aa4031-dd3e-4ddb-8d1c-eec5b5bbe3c2	0e3c90e1-2996-44ca-82e5-83c44d19f8c0	2019-07-19 10:49:02	2019-07-19 10:54:02
dfb0f51c-2fc2-4454-8015-acbcc7f26e5d	0e3c90e1-2996-44ca-82e5-83c44d19f8c0	2019-07-19 10:49:03	2019-07-19 10:54:03
5dbd618c-7030-42f0-93e3-ef72b20ac4ef	0e3c90e1-2996-44ca-82e5-83c44d19f8c0	2019-07-19 10:49:04	2019-07-19 10:54:04
9386ad3e-c70c-4fe7-8f51-9d051ce18898	4b0c3664-93b3-4016-82a9-a474f6f6cb05	2019-07-19 10:49:05	2019-07-19 10:54:05
f7001a9a-0ee7-4d47-a69b-4b6b09ce624b	4b0c3664-93b3-4016-82a9-a474f6f6cb05	2019-07-19 10:49:07	2019-07-19 10:54:07
9c44cd13-c204-45e8-85ed-45478acf2e28	4b0c3664-93b3-4016-82a9-a474f6f6cb05	2019-07-19 10:49:08	2019-07-19 10:54:08
43323fe8-b85d-4edf-b162-cf857d0ea66b	4b0c3664-93b3-4016-82a9-a474f6f6cb05	2019-07-19 10:49:09	2019-07-19 10:54:09
7ddd468f-5235-460b-9d5b-fbf88dd3180b	4b0c3664-93b3-4016-82a9-a474f6f6cb05	2019-07-19 10:49:10	2019-07-19 10:54:10
446605d3-d750-46b2-a300-44001311fa27	4b0c3664-93b3-4016-82a9-a474f6f6cb05	2019-07-19 10:49:12	2019-07-19 10:54:12
b8454d22-ccaf-4831-a22d-36d9c845d349	0e3c90e1-2996-44ca-82e5-83c44d19f8c0	2019-07-19 11:06:47	2019-07-19 11:11:47
77ca746a-d15c-4f12-aa24-1ce811265fb2	4b0c3664-93b3-4016-82a9-a474f6f6cb05	2019-07-19 11:09:27	2019-07-19 11:14:27
42c5118d-fc7d-4351-869e-9d26282ee2f2	5a4ac74d-e511-4231-927f-cb3b2def7cb9	2019-07-19 11:09:57	2019-07-19 11:14:57
c3c53c8a-15d9-40c4-abd5-b5d146778be1	5a4ac74d-e511-4231-927f-cb3b2def7cb9	2019-07-19 11:10:09	2019-07-19 11:15:09
697b92f2-960a-4492-af24-2af1c32ad406	5a4ac74d-e511-4231-927f-cb3b2def7cb9	2019-07-19 11:16:41	2019-07-19 11:21:41
030da8a5-5476-47bb-afec-67fc768c1147	201e5112-9522-42fd-8050-c199dbb3d16f	2019-07-19 11:19:44	2019-07-19 11:24:44
7282c128-01c8-4017-81a9-b4831c6a8581	201e5112-9522-42fd-8050-c199dbb3d16f	2019-07-19 11:19:51	2019-07-19 11:24:51
5db0aef0-6a85-4cda-a0eb-e0e2901f33b5	201e5112-9522-42fd-8050-c199dbb3d16f	2019-07-19 11:19:54	2019-07-19 11:24:54
2a8321b3-9564-47ae-aff0-8d9cb8555100	201e5112-9522-42fd-8050-c199dbb3d16f	2019-07-19 11:19:57	2019-07-19 11:24:57
ab2f2bdf-737b-48d6-a7eb-8d21ea8fa892	201e5112-9522-42fd-8050-c199dbb3d16f	2019-07-19 11:20:00	2019-07-19 11:25:00
6b0f5c12-6954-442d-87fe-08f650695a94	201e5112-9522-42fd-8050-c199dbb3d16f	2019-07-19 11:20:03	2019-07-19 11:25:03
1233c1ae-efd3-4af4-b9c6-29f6c813fd9a	201e5112-9522-42fd-8050-c199dbb3d16f	2019-07-19 11:20:07	2019-07-19 11:25:07
48d90cd0-bea6-4702-8c62-64aed60d708c	201e5112-9522-42fd-8050-c199dbb3d16f	2019-07-19 11:20:13	2019-07-19 11:25:13
2ba3a8b5-66e1-40ab-a8fd-ce246199f21a	201e5112-9522-42fd-8050-c199dbb3d16f	2019-07-19 11:20:15	2019-07-19 11:25:15
68ad86fe-3e89-4cd5-8815-8c501b9a1bfa	201e5112-9522-42fd-8050-c199dbb3d16f	2019-07-19 11:20:18	2019-07-19 11:25:18
f5e0c1f3-fc69-49d7-a4ae-d1dd75aaf846	201e5112-9522-42fd-8050-c199dbb3d16f	2019-07-19 11:20:20	2019-07-19 11:25:20
a644e2b7-2f7e-4812-9d5d-6e66f11e240f	201e5112-9522-42fd-8050-c199dbb3d16f	2019-07-19 11:20:38	2019-07-19 11:25:38
73875034-6b35-40a0-bed7-e0f79d610832	201e5112-9522-42fd-8050-c199dbb3d16f	2019-07-19 11:22:55	2019-07-19 11:27:55
95d4c855-3516-41eb-9842-a185f3d40981	201e5112-9522-42fd-8050-c199dbb3d16f	2019-07-19 11:23:21	2019-07-19 11:28:21
dd4d326c-3d15-4c05-805e-141aca3c8b3a	201e5112-9522-42fd-8050-c199dbb3d16f	2019-07-19 11:23:53	2019-07-19 11:28:53
6a4b43e1-e5c3-4f58-8c49-5af6fd1ba38e	201e5112-9522-42fd-8050-c199dbb3d16f	2019-07-19 11:24:12	2019-07-19 11:29:12
b61b96a3-82fb-4b38-a81b-c553029c928d	201e5112-9522-42fd-8050-c199dbb3d16f	2019-07-19 11:24:36	2019-07-19 11:29:36
a05f67f6-bd63-4c4f-841b-3502932ba171	201e5112-9522-42fd-8050-c199dbb3d16f	2019-07-19 11:25:14	2019-07-19 11:30:14
8225b7ab-9962-401e-bf1e-cb61cfdf5384	201e5112-9522-42fd-8050-c199dbb3d16f	2019-07-19 11:28:16	2019-07-19 11:33:16
8c4bff4a-7124-497e-8a0e-5d61c984f9ae	201e5112-9522-42fd-8050-c199dbb3d16f	2019-07-19 11:28:36	2019-07-19 11:33:36
724af013-f560-48a8-a6c6-6ec6d00ad382	201e5112-9522-42fd-8050-c199dbb3d16f	2019-07-19 11:28:43	2019-07-19 11:33:43
f0161028-dc56-40e3-a971-b2ed98977dd9	201e5112-9522-42fd-8050-c199dbb3d16f	2019-07-19 11:29:04	2019-07-19 11:34:04
98d3fa76-be61-43ab-8bbc-ec107fcc891c	201e5112-9522-42fd-8050-c199dbb3d16f	2019-07-19 11:29:42	2019-07-19 11:34:42
3315c7dc-64f8-4c26-993c-b60a2a0a540e	201e5112-9522-42fd-8050-c199dbb3d16f	2019-07-19 11:29:53	2019-07-19 11:34:53
c19f4ab6-e962-4481-810b-ff81dde05e3e	0e3c90e1-2996-44ca-82e5-83c44d19f8c0	2019-07-22 08:45:41	2019-07-22 08:50:41
b6ad2768-ae34-4619-8d78-3902a67b1d99	0e3c90e1-2996-44ca-82e5-83c44d19f8c0	2019-07-22 08:54:23	2019-07-22 08:59:23
e5ef737e-da0e-4bb1-bffe-c56722f89119	4f4f8d10-2e65-4985-ba8f-17535bef8532	2019-07-22 08:59:32	2019-07-22 09:04:32
b553aec4-c253-45a6-8f6e-23b7d0acd3e5	4f4f8d10-2e65-4985-ba8f-17535bef8532	2019-07-22 09:22:22	2019-07-22 09:27:22
ca31d9a9-7e6f-4182-8582-a648b2f3e6df	4f4f8d10-2e65-4985-ba8f-17535bef8532	2019-07-22 09:30:24	2019-07-22 09:35:24
1c7a271e-2819-42d7-90f1-5dac7dd4d707	0e3c90e1-2996-44ca-82e5-83c44d19f8c0	2019-07-31 04:50:34	2019-07-31 04:55:34
1c187fd1-69bd-4256-9cdb-120d8fbe0865	4f4f8d10-2e65-4985-ba8f-17535bef8532	2019-07-22 09:37:45	2019-07-22 09:42:45
55093286-46fc-43d2-8f4a-b8e8d5e55245	0e3c90e1-2996-44ca-82e5-83c44d19f8c0	2019-07-22 10:02:45	2019-07-22 10:07:45
0d7003d7-336b-462f-87ac-7b2faedcd23a	0e3057f2-05d2-4189-815a-1383f44ce81b	2019-07-22 10:08:33	2019-07-22 10:13:33
45f2cdc0-7b85-4ebe-bc4e-eb8b05170c67	0e3057f2-05d2-4189-815a-1383f44ce81b	2019-07-22 10:14:10	2019-07-22 10:19:10
cd842877-05ac-4dcc-808c-bb3aa700fd38	0e3c90e1-2996-44ca-82e5-83c44d19f8c0	2019-07-22 10:36:01	2019-07-22 10:41:01
ff942016-3259-4653-927b-f4437d6799f6	0e3c90e1-2996-44ca-82e5-83c44d19f8c0	2019-07-22 10:42:41	2019-07-22 10:47:41
83d53fc3-c393-4c93-8e38-f053dd9e83a6	4b0c3664-93b3-4016-82a9-a474f6f6cb05	2019-07-22 11:28:23	2019-07-22 11:33:23
99fc7575-5bd7-4b5a-b3c9-43909ce2cc0c	0e3c90e1-2996-44ca-82e5-83c44d19f8c0	2019-07-31 05:01:19	2019-07-31 05:06:19
b06a4c48-1243-44f5-8c7c-a6ae7be86177	0e3c90e1-2996-44ca-82e5-83c44d19f8c0	2019-07-22 12:35:19	2019-07-22 12:40:19
5073ac76-c4bf-4b9d-82b5-a53e354e9c25	0e3c90e1-2996-44ca-82e5-83c44d19f8c0	2019-07-22 12:56:47	2019-07-22 13:01:47
ccdeedb7-f6bd-4ed3-b655-6cf784cba460	0e3c90e1-2996-44ca-82e5-83c44d19f8c0	2019-07-22 13:05:50	2019-07-22 13:10:50
7313b966-0fc5-4b05-98fd-0458e285e3b6	0e3c90e1-2996-44ca-82e5-83c44d19f8c0	2019-07-22 13:12:59	2019-07-22 13:17:59
eac33395-e972-4060-9f10-b14f00aaba01	0e3c90e1-2996-44ca-82e5-83c44d19f8c0	2019-07-22 13:18:53	2019-07-22 13:23:53
9c23cf1a-fb32-4a9a-8861-3f6a00b8bc1c	0e3c90e1-2996-44ca-82e5-83c44d19f8c0	2019-07-22 13:24:05	2019-07-22 13:29:05
465586e4-2a28-4b0e-b201-a55e0ddf256a	0e3c90e1-2996-44ca-82e5-83c44d19f8c0	2019-07-22 13:39:29	2019-07-22 13:44:29
9e6bfafc-6f83-4f5b-818c-0acfc04790d3	4f4f8d10-2e65-4985-ba8f-17535bef8532	2019-07-22 13:54:08	2019-07-22 13:59:08
c2d31ece-faab-43c4-8c76-f0cdb4b9335f	43c36a04-707d-4ef8-abd2-875784aee0e0	2019-07-31 05:49:44	2019-07-31 05:54:44
0bdbefbf-81d2-4b79-a9ad-029b3a5d6d54	43c36a04-707d-4ef8-abd2-875784aee0e0	2019-08-03 23:29:42	2019-08-03 23:34:42
8e059ae6-6ff3-45d2-b245-02005f617395	43c36a04-707d-4ef8-abd2-875784aee0e0	2019-08-24 06:21:53	2019-08-24 06:26:53
7f550959-3d3b-4827-8c36-7e6332657618	4f4f8d10-2e65-4985-ba8f-17535bef8532	2019-07-23 04:21:03	2019-07-23 04:26:03
f2292f1e-bd68-4a95-80a2-dcd9a5517805	4f4f8d10-2e65-4985-ba8f-17535bef8532	2019-07-23 05:48:04	2019-07-23 05:53:04
495e03a2-20e6-43a6-95bf-60aea8fcce82	43c36a04-707d-4ef8-abd2-875784aee0e0	2019-07-23 05:56:24	2019-07-23 06:01:24
d9466656-b276-4718-876f-7817c0427307	43c36a04-707d-4ef8-abd2-875784aee0e0	2019-07-23 06:15:36	2019-07-23 06:20:36
275cfe98-bb27-4b7b-baf0-fe9ea85101c9	43c36a04-707d-4ef8-abd2-875784aee0e0	2019-07-23 06:36:11	2019-07-23 06:41:11
6f37b64f-d07d-4f15-a618-9512ae49a751	43c36a04-707d-4ef8-abd2-875784aee0e0	2019-07-23 07:24:29	2019-07-23 07:29:29
e923f686-3306-43cf-9a8f-4c4cadbdad83	43c36a04-707d-4ef8-abd2-875784aee0e0	2019-07-23 08:01:39	2019-07-23 08:06:39
c9d82a6f-0571-4ec5-ad81-bdae0da9c2ed	43c36a04-707d-4ef8-abd2-875784aee0e0	2019-07-25 05:31:55	2019-07-25 05:36:55
153c5bcd-f90d-4be2-8dab-d2d73b6d262e	43c36a04-707d-4ef8-abd2-875784aee0e0	2019-07-25 06:12:19	2019-07-25 06:17:19
7714bd25-533c-4e91-9c19-3057f7aea241	43c36a04-707d-4ef8-abd2-875784aee0e0	2019-07-25 06:45:38	2019-07-25 06:50:38
dcbcb8b0-97f8-4d45-bca2-159bc533947b	43c36a04-707d-4ef8-abd2-875784aee0e0	2019-07-25 09:55:28	2019-07-25 10:00:28
841dd7fe-a7cb-4184-912e-3c0c04521600	43c36a04-707d-4ef8-abd2-875784aee0e0	2019-07-25 10:00:33	2019-07-25 10:05:33
7d5b2cd6-01a3-4cfd-bd1e-37570b7f2a73	4b0c3664-93b3-4016-82a9-a474f6f6cb05	2019-07-25 10:47:47	2019-07-25 10:52:47
f0c73244-95d1-4262-88f9-aa374eb80539	0e3c90e1-2996-44ca-82e5-83c44d19f8c0	2019-07-25 12:24:56	2019-07-25 12:29:56
47fae650-aaaa-4351-81dc-7c3201cf0186	43c36a04-707d-4ef8-abd2-875784aee0e0	2019-07-25 13:32:27	2019-07-25 13:37:27
eaf41a60-c045-4ac8-b8cf-d5f436bc91c5	4b0c3664-93b3-4016-82a9-a474f6f6cb05	2019-07-26 10:25:46	2019-07-26 10:30:46
35d9abff-8fa6-4014-a852-0da7b05ef9cd	4b0c3664-93b3-4016-82a9-a474f6f6cb05	2019-07-29 08:15:47	2019-07-29 08:20:47
cc16d093-07c5-43b3-8d1f-dd97da883b5b	4b0c3664-93b3-4016-82a9-a474f6f6cb05	2019-07-29 08:44:53	2019-07-29 08:49:53
c5ab2b8b-0734-48a1-9796-05a5c15f0ea3	4b0c3664-93b3-4016-82a9-a474f6f6cb05	2019-07-29 09:46:15	2019-07-29 09:51:15
d7c23cc7-d394-444b-911b-81f82f6fc457	4b0c3664-93b3-4016-82a9-a474f6f6cb05	2019-07-29 10:03:55	2019-07-29 10:08:55
de44fc17-f1ea-44c7-a2bd-bc20817457f7	11043bdc-d485-44d4-b7cb-2579fb1ed8f7	2019-07-29 10:16:39	2019-07-29 10:21:39
8d4209cb-815d-418f-a88f-8c9bc993062a	43c36a04-707d-4ef8-abd2-875784aee0e0	2019-07-29 10:23:58	2019-07-29 10:28:58
384bff66-735a-4bff-b4de-6a3b1eb9fb24	43c36a04-707d-4ef8-abd2-875784aee0e0	2019-07-29 10:34:33	2019-07-29 10:39:33
73a3f3e5-ad42-4b09-9163-4f9b72dd28f8	0e3c90e1-2996-44ca-82e5-83c44d19f8c0	2019-07-29 12:29:46	2019-07-29 12:34:46
ab2d45ca-97c1-4c9b-92cc-8d4769d37989	4f4f8d10-2e65-4985-ba8f-17535bef8532	2019-07-29 13:11:14	2019-07-29 13:16:14
0c63f339-3552-474a-b061-f35aa292e472	4f4f8d10-2e65-4985-ba8f-17535bef8532	2019-07-29 13:16:21	2019-07-29 13:21:21
c3612798-3641-4c2e-a2c0-245271636079	43c36a04-707d-4ef8-abd2-875784aee0e0	2019-07-29 13:30:23	2019-07-29 13:35:23
f578a92a-96cf-4411-a411-0303e5b98bee	43c36a04-707d-4ef8-abd2-875784aee0e0	2019-07-29 16:26:44	2019-07-29 16:31:44
c0a07f76-6ca4-4052-bd65-61fc7ebb2cca	43c36a04-707d-4ef8-abd2-875784aee0e0	2019-07-29 16:52:35	2019-07-29 16:57:35
25a0ce34-d12f-4c8c-8670-3c12e1d2a69e	43c36a04-707d-4ef8-abd2-875784aee0e0	2019-07-29 16:58:23	2019-07-29 17:03:23
5739da04-968f-4a5e-b68d-837a9c2e4e0e	43c36a04-707d-4ef8-abd2-875784aee0e0	2019-07-29 17:07:21	2019-07-29 17:12:21
3a971890-4c90-414a-b11a-88daa52540c6	4f4f8d10-2e65-4985-ba8f-17535bef8532	2019-07-29 17:22:21	2019-07-29 17:27:21
e8d9c5c6-9f15-4837-88ae-2d7153640a2a	4b0c3664-93b3-4016-82a9-a474f6f6cb05	2019-07-29 17:33:53	2019-07-29 17:38:53
51abc7aa-6a94-4879-8df5-762d5ef70c02	0e3c90e1-2996-44ca-82e5-83c44d19f8c0	2019-07-29 17:46:30	2019-07-29 17:51:30
042eb266-dfb2-4508-ba60-13818e0e0c17	0e3c90e1-2996-44ca-82e5-83c44d19f8c0	2019-07-29 17:56:24	2019-07-29 18:01:24
6065ef84-15ea-477c-89cf-0da4aff08e6f	0e3c90e1-2996-44ca-82e5-83c44d19f8c0	2019-07-29 18:01:27	2019-07-29 18:06:27
2e30966a-879d-4286-a7e0-8f936934db90	4f4f8d10-2e65-4985-ba8f-17535bef8532	2019-07-29 18:12:36	2019-07-29 18:17:36
e1c71bb3-1f73-4183-823b-a3585a8d65df	43c36a04-707d-4ef8-abd2-875784aee0e0	2019-07-29 18:30:44	2019-07-29 18:35:44
c87cfd5b-d395-4384-b106-99b1803ab11c	4b0c3664-93b3-4016-82a9-a474f6f6cb05	2019-07-30 05:04:24	2019-07-30 05:09:24
d92d2317-accc-415a-8378-a97c3bb3f742	4b0c3664-93b3-4016-82a9-a474f6f6cb05	2019-07-30 05:26:41	2019-07-30 05:31:41
5521a93d-9ef9-41ed-b8a2-eb0e4a31137a	4b0c3664-93b3-4016-82a9-a474f6f6cb05	2019-07-30 05:43:28	2019-07-30 05:48:28
8b0dc5ee-b237-4df0-9e60-08f590086f50	0e3c90e1-2996-44ca-82e5-83c44d19f8c0	2019-07-30 06:00:22	2019-07-30 06:05:22
a5b46764-51d0-4cc2-992a-ba235b9b7b67	4b0c3664-93b3-4016-82a9-a474f6f6cb05	2019-07-30 06:11:53	2019-07-30 06:16:53
684d55e0-e438-430c-8b39-30227ed3269f	43c36a04-707d-4ef8-abd2-875784aee0e0	2019-07-30 06:20:53	2019-07-30 06:25:53
bb6187cc-8b62-4cb2-a34a-c6a3ddd0a809	0e3057f2-05d2-4189-815a-1383f44ce81b	2019-07-30 09:08:15	2019-07-30 09:13:15
ce11a5fa-5216-4966-9757-aafdda4ed190	43c36a04-707d-4ef8-abd2-875784aee0e0	2019-07-30 09:29:20	2019-07-30 09:34:20
81a853ba-cd91-4013-bdae-cb5b6a6b6eba	43c36a04-707d-4ef8-abd2-875784aee0e0	2019-07-30 10:08:19	2019-07-30 10:13:19
eed8e15c-43ba-4015-b235-d3e2c4e216ae	43c36a04-707d-4ef8-abd2-875784aee0e0	2019-07-30 10:53:33	2019-07-30 10:58:33
9030c502-76eb-4f73-b7c5-4bfb052d7e42	43c36a04-707d-4ef8-abd2-875784aee0e0	2019-07-30 11:17:25	2019-07-30 11:22:25
4a8a057d-43e7-4447-a3d6-37a5455ef73e	43c36a04-707d-4ef8-abd2-875784aee0e0	2019-07-30 14:11:31	2019-07-30 14:16:31
985b6f4c-7f64-4782-ba05-0ebd4792db4a	43c36a04-707d-4ef8-abd2-875784aee0e0	2019-07-30 14:16:39	2019-07-30 14:21:39
55638ccd-d567-465e-837b-1e5b15e50948	43c36a04-707d-4ef8-abd2-875784aee0e0	2019-07-30 14:31:52	2019-07-30 14:36:52
a586cca5-0a9d-4353-a7d6-2dc770f9b7d4	43c36a04-707d-4ef8-abd2-875784aee0e0	2019-07-30 14:38:47	2019-07-30 14:43:47
520e40e1-a38f-4022-bdc9-92f9f4909284	4b0c3664-93b3-4016-82a9-a474f6f6cb05	2019-07-30 14:50:40	2019-07-30 14:55:40
4c8130ec-1abd-495f-99ab-a926c695ce1b	4b0c3664-93b3-4016-82a9-a474f6f6cb05	2019-07-30 16:57:46	2019-07-30 17:02:46
a5ee2497-7f8c-4aba-a4a3-50c3bcf443e9	4b0c3664-93b3-4016-82a9-a474f6f6cb05	2019-07-30 17:20:25	2019-07-30 17:25:25
a7d960bc-708b-4917-830f-3a9c072e2de1	43c36a04-707d-4ef8-abd2-875784aee0e0	2019-07-30 17:28:20	2019-07-30 17:33:20
\.


--
-- Data for Name: issues; Type: TABLE DATA; Schema: public; Owner: postgres
--

COPY public.issues (id, title, user_id, body, repo_id, issue_number, created_at, updated_at, pinned, status, lock) FROM stdin;
61	My second Issue	0e3c90e1-2996-44ca-82e5-83c44d19f8c0	wdqwqw	04c38f54-36ac-4e6f-a86f-c721efec224a	3	2019-07-15 12:18:33	2019-07-15 12:18:33	Pinned	Open	Unlocked
33	examples	0e3c90e1-2996-44ca-82e5-83c44d19f8c0	ffffffffffffffff	030b76b1-15b6-4c99-b49e-9919758dc1eb	1	2019-07-06 15:30:54	2019-07-06 15:30:54	Unpinned	Open	Unlocked
60	sfewrwerwe	0e3c90e1-2996-44ca-82e5-83c44d19f8c0	sewerw	04c38f54-36ac-4e6f-a86f-c721efec224a	2	2019-07-15 12:18:07	2019-07-15 12:18:07	Pinned	Open	Unlocked
62	test 	ac6f8b68-8f31-48ea-a436-05b9813b484b	func	d360c6f3-60dc-4846-bb6a-0919a1817d5e	29	2019-07-15 12:23:03	2019-07-15 12:23:03	Unpinned	Open	Unlocked
32	dasdasd	4b0c3664-93b3-4016-82a9-a474f6f6cb05	asdasdasd	9a619743-1eb8-4c09-9aa7-2bb7bbc76f72	1	2019-07-06 11:47:38	2019-07-06 11:47:38	Pinned	Open	Unlocked
86	elen & mike	0e3c90e1-2996-44ca-82e5-83c44d19f8c0	elven loves mike in stranger things	04c38f54-36ac-4e6f-a86f-c721efec224a	25	2019-07-19 16:04:01	2019-07-19 16:04:01	Unpinned	Open	Unlocked
113	dsdas	43c36a04-707d-4ef8-abd2-875784aee0e0	asdasd	0b51be6d-2bac-4259-a638-c2e58cd32ca8	1	2019-08-24 12:07:54	2019-08-24 12:07:54	Unpinned	Closed	Unlocked
95	assada	4f4f8d10-2e65-4985-ba8f-17535bef8532	asdasdad	6c129d46-49a0-48f9-ac67-c6e2922ef35d	1	2019-07-22 14:29:41	2019-07-22 14:29:41	Unpinned	Open	Unlocked
59	gh`	0e3c90e1-2996-44ca-82e5-83c44d19f8c0	mmmk\r\n	04c38f54-36ac-4e6f-a86f-c721efec224a	1	2019-07-14 17:14:36	2019-07-14 17:14:36	Pinned	Open	Unlocked
38	testing 	14c3c3d5-6c5e-41cb-9af4-cc6e99c0dff1	s1 esp1	86b4c7bb-f951-4004-9246-69dbccde0aa7	1	2019-07-08 22:59:26	2019-07-08 22:59:26	Unpinned	Open	Unlocked
48	ssssss	0e3c90e1-2996-44ca-82e5-83c44d19f8c0	ssssssssssssssss	18a4eb68-dc90-414b-ab1a-52fa28a92c1d	2	2019-07-10 12:01:30	2019-07-10 12:01:30	Unpinned	Open	Unlocked
8	My test	ac6f8b68-8f31-48ea-a436-05b9813b484b		d360c6f3-60dc-4846-bb6a-0919a1817d5e	7	2019-06-26 22:19:36	2019-06-26 22:19:36	Unpinned	Open	Unlocked
65	My second Issue	0e3c90e1-2996-44ca-82e5-83c44d19f8c0	xasda	04c38f54-36ac-4e6f-a86f-c721efec224a	4	2019-07-18 22:43:33	2019-07-18 22:43:33	Unpinned	Closed	Unlocked
55	My second Issue	0e3057f2-05d2-4189-815a-1383f44ce81b	iiiiiiiii	4906248b-447f-4d29-a445-ffe313f9e53e	1	2019-07-12 16:31:17	2019-07-12 16:31:17	Unpinned	Open	Unlocked
100	sdewe	4f4f8d10-2e65-4985-ba8f-17535bef8532	sdfwewe	6c129d46-49a0-48f9-ac67-c6e2922ef35d	3	2019-07-23 11:25:16	2019-07-23 11:25:16	Unpinned	Open	Unlocked
50	qweert	0e3c90e1-2996-44ca-82e5-83c44d19f8c0	sdwqwr	18a4eb68-dc90-414b-ab1a-52fa28a92c1d	4	2019-07-10 12:02:07	2019-07-10 12:02:07	Unpinned	Open	Unlocked
40	esp3	14c3c3d5-6c5e-41cb-9af4-cc6e99c0dff1	Hero	771322d8-d8bf-4a6b-b0d6-9434eab29b04	1	2019-07-08 23:05:17	2019-07-08 23:05:17	Unpinned	Open	Unlocked
51	qweert	0e3c90e1-2996-44ca-82e5-83c44d19f8c0	sdwqwr	18a4eb68-dc90-414b-ab1a-52fa28a92c1d	5	2019-07-10 12:02:07	2019-07-10 12:02:07	Unpinned	Open	Unlocked
42	dddddddddddd	14c3c3d5-6c5e-41cb-9af4-cc6e99c0dff1	ssssssssssssssssssssssssssssss	86b4c7bb-f951-4004-9246-69dbccde0aa7	3	2019-07-09 11:31:34	2019-07-09 11:31:34	Unpinned	Open	Unlocked
44	esp2	14c3c3d5-6c5e-41cb-9af4-cc6e99c0dff1	jfwerweui\r\n	31fbe7df-a2f8-4cd9-b37e-7f6e38a7d198	3	2019-07-09 21:00:52	2019-07-09 21:00:52	Unpinned	Open	Unlocked
45	esp4	14c3c3d5-6c5e-41cb-9af4-cc6e99c0dff1	dweq	31fbe7df-a2f8-4cd9-b37e-7f6e38a7d198	4	2019-07-09 21:07:07	2019-07-09 21:07:07	Unpinned	Open	Unlocked
52	zxxxxxxxxxxx	0e3c90e1-2996-44ca-82e5-83c44d19f8c0	ddddddddddf	18a4eb68-dc90-414b-ab1a-52fa28a92c1d	6	2019-07-10 12:02:34	2019-07-10 12:02:34	Unpinned	Open	Unlocked
47	assssssssssss	0e3c90e1-2996-44ca-82e5-83c44d19f8c0	asssssssssss	18a4eb68-dc90-414b-ab1a-52fa28a92c1d	1	2019-07-10 12:01:13	2019-07-10 12:01:13	Unpinned	Open	Unlocked
87	elen & mike	0e3c90e1-2996-44ca-82e5-83c44d19f8c0	elven loves mike in stranger things	04c38f54-36ac-4e6f-a86f-c721efec224a	26	2019-07-19 16:04:43	2019-07-19 16:04:43	Unpinned	Closed	Unlocked
41	wewe3	14c3c3d5-6c5e-41cb-9af4-cc6e99c0dff1	sadwe3e3	31fbe7df-a2f8-4cd9-b37e-7f6e38a7d198	1	2019-07-08 23:05:56	2019-07-08 23:05:56	Unpinned	Open	Unlocked
25	examples	ac6f8b68-8f31-48ea-a436-05b9813b484b	eeessssssssssaaaaaaaaaaaaa	d360c6f3-60dc-4846-bb6a-0919a1817d5e	24	2019-07-03 23:08:03	2019-07-03 23:08:03	Unpinned	Open	Unlocked
35	zcas	0e3c90e1-2996-44ca-82e5-83c44d19f8c0	sdcfds	030b76b1-15b6-4c99-b49e-9919758dc1eb	3	2019-07-06 15:32:13	2019-07-06 15:32:13	Pinned	Open	Unlocked
82	elven loves mike	0e3c90e1-2996-44ca-82e5-83c44d19f8c0	elven loves mike in stranger things	04c38f54-36ac-4e6f-a86f-c721efec224a	21	2019-07-19 12:51:49	2019-07-19 12:51:49	Unpinned	Open	Unlocked
103	notification for an issue created by another user in your repo	4b0c3664-93b3-4016-82a9-a474f6f6cb05	afdsjkl;jkjfas;jasdfjskdlfsadfjakfjkld;asjfkdljfdklasdsfjklkl;;;;llkjjj;lkjffdddsaaaaaa\r\n	93327cea-5c16-476b-a267-f72395a4c1c6	8	2019-07-25 11:42:10	2019-07-25 11:42:10	Unpinned	Open	Locked
110	testing take number5	4b0c3664-93b3-4016-82a9-a474f6f6cb05	esfsdfsd	9a619743-1eb8-4c09-9aa7-2bb7bbc76f72	3	2019-07-30 00:16:12	2019-07-30 00:16:12	Pinned	Open	Unlocked
112	iewrrweu`	0e3c90e1-2996-44ca-82e5-83c44d19f8c0	dfsdpsrdierpwewe	7b02029e-2a6b-4170-9b45-95828a9a7234	1	2019-07-31 11:15:52	2019-07-31 11:15:52	Unpinned	Open	Unlocked
46	edwedwdqwqcsd	43c36a04-707d-4ef8-abd2-875784aee0e0	zcsefefewfw	93327cea-5c16-476b-a267-f72395a4c1c6	1	2019-07-10 11:48:12	2019-07-10 11:48:12	Unpinned	Open	Unlocked
98	adasda	43c36a04-707d-4ef8-abd2-875784aee0e0	zasada	93327cea-5c16-476b-a267-f72395a4c1c6	4	2019-07-23 11:24:14	2019-07-23 11:24:14	Unpinned	Closed	Unlocked
54	test case	43c36a04-707d-4ef8-abd2-875784aee0e0	1234	93327cea-5c16-476b-a267-f72395a4c1c6	2	2019-07-10 17:38:24	2019-07-10 17:38:24	Unpinned	Open	Unlocked
29	Tesret	4b0c3664-93b3-4016-82a9-a474f6f6cb05	asdasdasdasdasdasdasdasd	f4436180-46d5-42fe-b0db-8a25d745d685	1	2019-07-06 11:46:28	2019-07-06 11:46:28	Unpinned	Closed	Locked
111	this is for testing the notifications in all files	43c36a04-707d-4ef8-abd2-875784aee0e0	huhiuy	93327cea-5c16-476b-a267-f72395a4c1c6	11	2019-07-31 10:18:06	2019-07-31 10:18:06	Unpinned	Open	Locked
105	examples	4b0c3664-93b3-4016-82a9-a474f6f6cb05	hjjjjjjjjjjjj	f4436180-46d5-42fe-b0db-8a25d745d685	4	2019-07-29 14:19:26	2019-07-29 14:19:26	Unpinned	Open	Unlocked
108	testing take number 2	43c36a04-707d-4ef8-abd2-875784aee0e0	dsdfsfsfd	93327cea-5c16-476b-a267-f72395a4c1c6	10	2019-07-30 00:13:19	2019-07-30 00:13:19	Unpinned	Open	Unlocked
99	adasda	43c36a04-707d-4ef8-abd2-875784aee0e0	zasada	93327cea-5c16-476b-a267-f72395a4c1c6	5	2019-07-23 11:24:14	2019-07-23 11:24:14	Unpinned	Open	Unlocked
76	elven loves mike	0e3c90e1-2996-44ca-82e5-83c44d19f8c0	elven loves mike in stranger things	04c38f54-36ac-4e6f-a86f-c721efec224a	15	2019-07-19 12:46:58	2019-07-19 12:46:58	Unpinned	Open	Unlocked
77	elven loves mike	0e3c90e1-2996-44ca-82e5-83c44d19f8c0	elven loves mike in stranger things	04c38f54-36ac-4e6f-a86f-c721efec224a	16	2019-07-19 12:47:28	2019-07-19 12:47:28	Unpinned	Open	Unlocked
78	elven loves mike	0e3c90e1-2996-44ca-82e5-83c44d19f8c0	elven loves mike in stranger things	04c38f54-36ac-4e6f-a86f-c721efec224a	17	2019-07-19 12:47:54	2019-07-19 12:47:54	Unpinned	Open	Unlocked
79	elven loves mike	0e3c90e1-2996-44ca-82e5-83c44d19f8c0	elven loves mike in stranger things	04c38f54-36ac-4e6f-a86f-c721efec224a	18	2019-07-19 12:48:26	2019-07-19 12:48:26	Unpinned	Open	Unlocked
83	elen & mike	0e3c90e1-2996-44ca-82e5-83c44d19f8c0	elven loves mike in stranger things	04c38f54-36ac-4e6f-a86f-c721efec224a	22	2019-07-19 14:36:22	2019-07-19 14:36:22	Unpinned	Open	Unlocked
84	elen & mike	0e3c90e1-2996-44ca-82e5-83c44d19f8c0	elven loves mike in stranger things	04c38f54-36ac-4e6f-a86f-c721efec224a	23	2019-07-19 14:36:34	2019-07-19 14:36:34	Unpinned	Closed	Unlocked
88	elen & mike	0e3c90e1-2996-44ca-82e5-83c44d19f8c0	elven loves mike in stranger things	04c38f54-36ac-4e6f-a86f-c721efec224a	27	2019-07-19 16:18:56	2019-07-19 16:18:56	Unpinned	Closed	Unlocked
56	esp1	11043bdc-d485-44d4-b7cb-2579fb1ed8f7	hawkins has been attacked by demodogs	59ca6877-061b-49a2-969d-2fb5c9972af5	1	2019-07-12 16:52:12	2019-07-12 16:52:12	Unpinned	Open	Locked
63	wewrw	4b0c3664-93b3-4016-82a9-a474f6f6cb05	sfsfwef	324f1ddb-cbbf-4cc3-a5b4-d19474fd85c9	1	2019-07-15 12:42:54	2019-07-15 12:42:54	Unpinned	Open	Unlocked
30	Tesret	4b0c3664-93b3-4016-82a9-a474f6f6cb05	asdasdasdasdasdasdasdasd	f4436180-46d5-42fe-b0db-8a25d745d685	2	2019-07-06 11:46:28	2019-07-06 11:46:28	Pinned	Open	Unlocked
31	rerewrew	4b0c3664-93b3-4016-82a9-a474f6f6cb05	asdasdasd	f4436180-46d5-42fe-b0db-8a25d745d685	3	2019-07-06 11:47:05	2019-07-06 11:47:05	Pinned	Open	Unlocked
66	elven loves mike	0e3c90e1-2996-44ca-82e5-83c44d19f8c0	elven loves mike in stranger things	04c38f54-36ac-4e6f-a86f-c721efec224a	5	2019-07-19 12:37:05	2019-07-19 12:37:05	Unpinned	Open	Unlocked
67	elven loves mike	0e3c90e1-2996-44ca-82e5-83c44d19f8c0	elven loves mike in stranger things	04c38f54-36ac-4e6f-a86f-c721efec224a	6	2019-07-19 12:43:33	2019-07-19 12:43:33	Unpinned	Open	Unlocked
69	elven loves mike	0e3c90e1-2996-44ca-82e5-83c44d19f8c0	elven loves mike in stranger things	04c38f54-36ac-4e6f-a86f-c721efec224a	8	2019-07-19 12:44:09	2019-07-19 12:44:09	Unpinned	Open	Unlocked
70	elven loves mike	0e3c90e1-2996-44ca-82e5-83c44d19f8c0	elven loves mike in stranger things	04c38f54-36ac-4e6f-a86f-c721efec224a	9	2019-07-19 12:44:13	2019-07-19 12:44:13	Unpinned	Open	Unlocked
71	elven loves mike	0e3c90e1-2996-44ca-82e5-83c44d19f8c0	elven loves mike in stranger things	04c38f54-36ac-4e6f-a86f-c721efec224a	10	2019-07-19 12:44:25	2019-07-19 12:44:25	Unpinned	Open	Unlocked
72	elven loves mike	0e3c90e1-2996-44ca-82e5-83c44d19f8c0	elven loves mike in stranger things	04c38f54-36ac-4e6f-a86f-c721efec224a	11	2019-07-19 12:45:31	2019-07-19 12:45:31	Unpinned	Open	Unlocked
73	elven loves mike	0e3c90e1-2996-44ca-82e5-83c44d19f8c0	elven loves mike in stranger things	04c38f54-36ac-4e6f-a86f-c721efec224a	12	2019-07-19 12:45:48	2019-07-19 12:45:48	Unpinned	Open	Unlocked
74	elven loves mike	0e3c90e1-2996-44ca-82e5-83c44d19f8c0	elven loves mike in stranger things	04c38f54-36ac-4e6f-a86f-c721efec224a	13	2019-07-19 12:46:06	2019-07-19 12:46:06	Unpinned	Open	Unlocked
75	elven loves mike	0e3c90e1-2996-44ca-82e5-83c44d19f8c0	elven loves mike in stranger things	04c38f54-36ac-4e6f-a86f-c721efec224a	14	2019-07-19 12:46:37	2019-07-19 12:46:37	Unpinned	Open	Unlocked
89	asdasdas	5a4ac74d-e511-4231-927f-cb3b2def7cb9	asdasdasda	030b76b1-15b6-4c99-b49e-9919758dc1eb	4	2019-07-19 16:43:45	2019-07-19 16:43:45	Unpinned	Open	Unlocked
68	elven loves mike	0e3c90e1-2996-44ca-82e5-83c44d19f8c0	elven loves mike in stranger things	04c38f54-36ac-4e6f-a86f-c721efec224a	7	2019-07-19 12:43:47	2019-07-19 12:43:47	Unpinned	Open	Unlocked
91	elen & mike	201e5112-9522-42fd-8050-c199dbb3d16f	elven loves mike in stranger things	030b76b1-15b6-4c99-b49e-9919758dc1eb	6	2019-07-19 16:55:15	2019-07-19 16:55:15	Unpinned	Closed	Unlocked
92	elen & mike	201e5112-9522-42fd-8050-c199dbb3d16f	elven loves mike in stranger things	030b76b1-15b6-4c99-b49e-9919758dc1eb	7	2019-07-19 16:58:18	2019-07-19 16:58:18	Unpinned	Open	Unlocked
93	elen & mike	201e5112-9522-42fd-8050-c199dbb3d16f	elven loves mike in stranger things	030b76b1-15b6-4c99-b49e-9919758dc1eb	8	2019-07-19 16:59:55	2019-07-19 16:59:55	Unpinned	Open	Unlocked
96	hello Go	0e3057f2-05d2-4189-815a-1383f44ce81b	aadw	4906248b-447f-4d29-a445-ffe313f9e53e	2	2019-07-22 22:12:30	2019-07-22 22:12:30	Unpinned	Open	Unlocked
94	elen & mike	201e5112-9522-42fd-8050-c199dbb3d16f	elven loves mike in stranger things	030b76b1-15b6-4c99-b49e-9919758dc1eb	9	2019-07-19 17:00:06	2019-07-19 17:00:06	Unpinned	Open	Unlocked
90	elen & mike	201e5112-9522-42fd-8050-c199dbb3d16f	elven loves mike in stranger things	030b76b1-15b6-4c99-b49e-9919758dc1eb	5	2019-07-19 16:54:38	2019-07-19 16:54:38	Unpinned	Closed	Unlocked
101	testing notifications 	43c36a04-707d-4ef8-abd2-875784aee0e0	sdsee	93327cea-5c16-476b-a267-f72395a4c1c6	6	2019-07-23 11:26:39	2019-07-23 11:26:39	Unpinned	Open	Unlocked
49	sssssssssss	0e3c90e1-2996-44ca-82e5-83c44d19f8c0	rtttyuiol	18a4eb68-dc90-414b-ab1a-52fa28a92c1d	3	2019-07-10 12:01:53	2019-07-10 12:01:53	Unpinned	Open	Unlocked
57	esp	11043bdc-d485-44d4-b7cb-2579fb1ed8f7	1-8	5947f374-a4ab-44c0-bdce-dbfb36822f1e	1	2019-07-12 16:52:54	2019-07-12 16:52:54	Unpinned	Open	Unlocked
58	s2	11043bdc-d485-44d4-b7cb-2579fb1ed8f7	9-17	21262432-a01c-4dba-85b2-452088d80fb2	1	2019-07-12 16:53:26	2019-07-12 16:53:26	Unpinned	Open	Unlocked
1	new issue	ac6f8b68-8f31-48ea-a436-05b9813b484b	a new has been created in the data base of issues	d360c6f3-60dc-4846-bb6a-0919a1817d5e	1	2019-06-20 12:19:08	2019-06-20 12:19:08	Unpinned	Open	Unlocked
3	3rd issue is created	ac6f8b68-8f31-48ea-a436-05b9813b484b	a new issue is created in a the same  repo	d360c6f3-60dc-4846-bb6a-0919a1817d5e	2	2019-06-22 15:51:51	2019-06-22 15:51:51	Unpinned	Open	Unlocked
15	test 	ac6f8b68-8f31-48ea-a436-05b9813b484b	asdgfghjkl;''poiuytrq	d360c6f3-60dc-4846-bb6a-0919a1817d5e	14	2019-07-01 18:23:34	2019-07-01 18:23:34	Unpinned	Open	Unlocked
16	hello	ac6f8b68-8f31-48ea-a436-05b9813b484b	world	d360c6f3-60dc-4846-bb6a-0919a1817d5e	15	2019-07-01 18:24:46	2019-07-01 18:24:46	Unpinned	Open	Unlocked
17	test 	ac6f8b68-8f31-48ea-a436-05b9813b484b	Testcomment	d360c6f3-60dc-4846-bb6a-0919a1817d5e	16	2019-07-01 23:28:15	2019-07-01 23:28:15	Unpinned	Open	Unlocked
26	My second Issue	ac6f8b68-8f31-48ea-a436-05b9813b484b	eeeeeqqqqqqqqqqddddddd	21952165-eb52-4a7e-a5d6-2b6694a7f9d5	1	2019-07-03 23:09:24	2019-07-03 23:09:24	Unpinned	Open	Unlocked
9	Tesset	ac6f8b68-8f31-48ea-a436-05b9813b484b		d360c6f3-60dc-4846-bb6a-0919a1817d5e	8	2019-06-26 22:22:13	2019-06-26 22:22:13	Unpinned	Open	Unlocked
10	test 	ac6f8b68-8f31-48ea-a436-05b9813b484b	new test case 	d360c6f3-60dc-4846-bb6a-0919a1817d5e	9	2019-06-27 11:36:44	2019-06-27 11:36:44	Unpinned	Open	Unlocked
14	test 	ac6f8b68-8f31-48ea-a436-05b9813b484b	heowrewr	d360c6f3-60dc-4846-bb6a-0919a1817d5e	13	2019-07-01 17:59:56	2019-07-01 17:59:56	Unpinned	Open	Unlocked
7	Test	ac6f8b68-8f31-48ea-a436-05b9813b484b		d360c6f3-60dc-4846-bb6a-0919a1817d5e	6	2019-06-26 22:19:27	2019-06-26 22:19:27	Unpinned	Open	Unlocked
24	My second Issue	ac6f8b68-8f31-48ea-a436-05b9813b484b	rtuuuuuuuuuuuuuuuuuuuuuuuu	d360c6f3-60dc-4846-bb6a-0919a1817d5e	23	2019-07-03 14:45:53	2019-07-03 14:45:53	Unpinned	Open	Unlocked
4	4th issue is created	ac6f8b68-8f31-48ea-a436-05b9813b484b	a new issue is created in a the same  repo	d360c6f3-60dc-4846-bb6a-0919a1817d5e	3	2019-06-22 15:52:20	2019-06-22 15:52:20	Unpinned	Open	Unlocked
28	Rrwerw	9aa0892c-5bf0-4287-9108-ee89837e4c96	asdaDSADASD	eabda976-8722-47eb-a14c-4e6b686dad34	1	2019-07-06 11:30:14	2019-07-06 11:30:14	Unpinned	Open	Unlocked
53	Tesset	ac6f8b68-8f31-48ea-a436-05b9813b484b	.//////////	d360c6f3-60dc-4846-bb6a-0919a1817d5e	28	2019-07-10 14:03:52	2019-07-10 14:03:52	Unpinned	Open	Unlocked
43	esp1	14c3c3d5-6c5e-41cb-9af4-cc6e99c0dff1	jpppppppppppppppp	31fbe7df-a2f8-4cd9-b37e-7f6e38a7d198	2	2019-07-09 20:38:05	2019-07-09 20:38:05	Unpinned	Open	Unlocked
36	adad	ac6f8b68-8f31-48ea-a436-05b9813b484b	sdasd	d360c6f3-60dc-4846-bb6a-0919a1817d5e	26	2019-07-06 17:09:11	2019-07-06 17:09:11	Unpinned	Open	Unlocked
37	weewr	ac6f8b68-8f31-48ea-a436-05b9813b484b	dawdadqwe	d360c6f3-60dc-4846-bb6a-0919a1817d5e	27	2019-07-06 17:17:37	2019-07-06 17:17:37	Unpinned	Open	Unlocked
34	My second Issue	0e3c90e1-2996-44ca-82e5-83c44d19f8c0	issuessss	030b76b1-15b6-4c99-b49e-9919758dc1eb	2	2019-07-06 15:31:44	2019-07-06 15:31:44	Unpinned	Open	Unlocked
39	Tesset	14c3c3d5-6c5e-41cb-9af4-cc6e99c0dff1	season 1 esp2	86b4c7bb-f951-4004-9246-69dbccde0aa7	2	2019-07-08 23:00:24	2019-07-08 23:00:24	Unpinned	Open	Unlocked
27	tjiu	ac6f8b68-8f31-48ea-a436-05b9813b484b	ggjjjjjjjjjjjjjjjjjj	d360c6f3-60dc-4846-bb6a-0919a1817d5e	25	2019-07-05 12:40:22	2019-07-05 12:40:22	Unpinned	Open	Unlocked
80	elven loves mike	0e3c90e1-2996-44ca-82e5-83c44d19f8c0	elven loves mike in stranger things	04c38f54-36ac-4e6f-a86f-c721efec224a	19	2019-07-19 12:50:57	2019-07-19 12:50:57	Unpinned	Open	Unlocked
81	elven loves mike	0e3c90e1-2996-44ca-82e5-83c44d19f8c0	elven loves mike in stranger things	04c38f54-36ac-4e6f-a86f-c721efec224a	20	2019-07-19 12:51:14	2019-07-19 12:51:14	Unpinned	Open	Unlocked
85	elen & mike	0e3c90e1-2996-44ca-82e5-83c44d19f8c0	elven loves mike in stranger things	04c38f54-36ac-4e6f-a86f-c721efec224a	24	2019-07-19 14:39:27	2019-07-19 14:39:27	Unpinned	Closed	Unlocked
18	test 	ac6f8b68-8f31-48ea-a436-05b9813b484b	Testcomment	d360c6f3-60dc-4846-bb6a-0919a1817d5e	17	2019-07-01 23:28:35	2019-07-01 23:28:35	Unpinned	Open	Unlocked
19	New Issue	ac6f8b68-8f31-48ea-a436-05b9813b484b	Testcomment	d360c6f3-60dc-4846-bb6a-0919a1817d5e	18	2019-07-01 23:28:47	2019-07-01 23:28:47	Unpinned	Open	Unlocked
20	test 	ac6f8b68-8f31-48ea-a436-05b9813b484b	gfdhd	d360c6f3-60dc-4846-bb6a-0919a1817d5e	19	2019-07-03 13:44:00	2019-07-03 13:44:00	Unpinned	Open	Unlocked
21	testing 	ac6f8b68-8f31-48ea-a436-05b9813b484b	test	d360c6f3-60dc-4846-bb6a-0919a1817d5e	20	2019-07-03 13:48:38	2019-07-03 13:48:38	Unpinned	Open	Unlocked
22	examples	ac6f8b68-8f31-48ea-a436-05b9813b484b	testing	d360c6f3-60dc-4846-bb6a-0919a1817d5e	21	2019-07-03 14:33:12	2019-07-03 14:33:12	Unpinned	Open	Unlocked
23	test 	ac6f8b68-8f31-48ea-a436-05b9813b484b	ertyuii	d360c6f3-60dc-4846-bb6a-0919a1817d5e	22	2019-07-03 14:38:20	2019-07-03 14:38:20	Unpinned	Open	Unlocked
5	new issue	ac6f8b68-8f31-48ea-a436-05b9813b484b	test1	d360c6f3-60dc-4846-bb6a-0919a1817d5e	4	2019-06-26 22:04:24	2019-06-26 22:04:24	Unpinned	Open	Unlocked
6	My second Issue	ac6f8b68-8f31-48ea-a436-05b9813b484b	Test	d360c6f3-60dc-4846-bb6a-0919a1817d5e	5	2019-06-26 22:18:31	2019-06-26 22:18:31	Unpinned	Open	Unlocked
97	Tesset	4f4f8d10-2e65-4985-ba8f-17535bef8532	drewe	6c129d46-49a0-48f9-ac67-c6e2922ef35d	2	2019-07-23 11:16:57	2019-07-23 11:16:57	Unpinned	Open	Unlocked
102	sassa	4b0c3664-93b3-4016-82a9-a474f6f6cb05	sasass	93327cea-5c16-476b-a267-f72395a4c1c6	7	2019-07-23 12:05:50	2019-07-23 12:05:50	Unpinned	Open	Unlocked
106	new repo per notifications 	43c36a04-707d-4ef8-abd2-875784aee0e0	awweefewefwefwe	6b7e7647-f31c-4808-b47d-ef0102a7b615	1	2019-07-29 15:32:56	2019-07-29 15:32:56	Unpinned	Open	Unlocked
107	testing the notifications	4b0c3664-93b3-4016-82a9-a474f6f6cb05	ddewefw	2a5d737b-5277-4316-a23e-9396d467234e	1	2019-07-29 15:34:50	2019-07-29 15:34:50	Unpinned	Open	Unlocked
109	testing take 4	4b0c3664-93b3-4016-82a9-a474f6f6cb05	hxhgfh	9a619743-1eb8-4c09-9aa7-2bb7bbc76f72	2	2019-07-30 00:15:22	2019-07-30 00:15:22	Unpinned	Open	Unlocked
64	sdfwefwe	43c36a04-707d-4ef8-abd2-875784aee0e0	adw3w	93327cea-5c16-476b-a267-f72395a4c1c6	3	2019-07-18 10:16:07	2019-07-18 10:16:07	Unpinned	Open	Unlocked
104	whether pinned issue is notified to the collaborators or  not 	43c36a04-707d-4ef8-abd2-875784aee0e0	vsfsfjsf	93327cea-5c16-476b-a267-f72395a4c1c6	9	2019-07-26 12:01:55	2019-07-26 12:01:55	Unpinned	Open	Unlocked
114	issue#1	b605c8df-c6b8-4c89-80eb-449e4b5951ff	issue desc	eda61b23-f47d-409f-9c98-51813cd98180	1	2019-08-24 13:31:46	2019-08-24 13:31:46	Pinned	Open	Unlocked
\.


--
-- Data for Name: notifications; Type: TABLE DATA; Schema: public; Owner: postgres
--

COPY public.notifications (id, read, created_at, issue_id, user_id, repo_id) FROM stdin;
96	unread	2019-07-31 10:18:06	111	0e3c90e1-2996-44ca-82e5-83c44d19f8c0	93327cea-5c16-476b-a267-f72395a4c1c6
98	unread	2019-07-31 10:28:47	103	43c36a04-707d-4ef8-abd2-875784aee0e0	93327cea-5c16-476b-a267-f72395a4c1c6
99	unread	2019-07-31 10:29:51	110	4b0c3664-93b3-4016-82a9-a474f6f6cb05	9a619743-1eb8-4c09-9aa7-2bb7bbc76f72
102	unread	2019-07-31 11:19:06	61	0e3c90e1-2996-44ca-82e5-83c44d19f8c0	04c38f54-36ac-4e6f-a86f-c721efec224a
30	read	2019-07-23 11:25:19	100	4f4f8d10-2e65-4985-ba8f-17535bef8532	6c129d46-49a0-48f9-ac67-c6e2922ef35d
31	read	2019-07-23 11:25:41	100	4f4f8d10-2e65-4985-ba8f-17535bef8532	6c129d46-49a0-48f9-ac67-c6e2922ef35d
103	unread	2019-07-31 11:19:06	61	4b0c3664-93b3-4016-82a9-a474f6f6cb05	04c38f54-36ac-4e6f-a86f-c721efec224a
40	unread	2019-07-25 15:52:49	46	43c36a04-707d-4ef8-abd2-875784aee0e0	93327cea-5c16-476b-a267-f72395a4c1c6
41	unread	2019-07-25 15:52:49	46	0e3c90e1-2996-44ca-82e5-83c44d19f8c0	93327cea-5c16-476b-a267-f72395a4c1c6
2	read	2019-07-22 14:30:55	95	4f4f8d10-2e65-4985-ba8f-17535bef8532	6c129d46-49a0-48f9-ac67-c6e2922ef35d
6	read	2019-07-22 22:06:35	95	43c36a04-707d-4ef8-abd2-875784aee0e0	6c129d46-49a0-48f9-ac67-c6e2922ef35d
7	read	2019-07-22 22:06:35	95	4f4f8d10-2e65-4985-ba8f-17535bef8532	6c129d46-49a0-48f9-ac67-c6e2922ef35d
8	read	2019-07-22 22:06:48	95	43c36a04-707d-4ef8-abd2-875784aee0e0	6c129d46-49a0-48f9-ac67-c6e2922ef35d
42	unread	2019-07-25 15:52:49	46	4b0c3664-93b3-4016-82a9-a474f6f6cb05	93327cea-5c16-476b-a267-f72395a4c1c6
3	read	2019-07-22 15:32:54	76	0e3c90e1-2996-44ca-82e5-83c44d19f8c0	04c38f54-36ac-4e6f-a86f-c721efec224a
25	read	2019-07-23 11:18:54	97	43c36a04-707d-4ef8-abd2-875784aee0e0	6c129d46-49a0-48f9-ac67-c6e2922ef35d
104	unread	2019-07-31 11:19:17	60	4b0c3664-93b3-4016-82a9-a474f6f6cb05	04c38f54-36ac-4e6f-a86f-c721efec224a
105	unread	2019-07-31 11:19:17	60	0e3c90e1-2996-44ca-82e5-83c44d19f8c0	04c38f54-36ac-4e6f-a86f-c721efec224a
106	unread	2019-07-31 11:20:02	64	0e3c90e1-2996-44ca-82e5-83c44d19f8c0	93327cea-5c16-476b-a267-f72395a4c1c6
26	read	2019-07-23 11:22:33	97	43c36a04-707d-4ef8-abd2-875784aee0e0	6c129d46-49a0-48f9-ac67-c6e2922ef35d
27	read	2019-07-23 11:23:14	97	4f4f8d10-2e65-4985-ba8f-17535bef8532	6c129d46-49a0-48f9-ac67-c6e2922ef35d
9	read	2019-07-22 22:06:48	95	4b0c3664-93b3-4016-82a9-a474f6f6cb05	6c129d46-49a0-48f9-ac67-c6e2922ef35d
10	read	2019-07-22 22:06:48	95	4f4f8d10-2e65-4985-ba8f-17535bef8532	6c129d46-49a0-48f9-ac67-c6e2922ef35d
11	read	2019-07-22 22:07:02	95	0e3c90e1-2996-44ca-82e5-83c44d19f8c0	6c129d46-49a0-48f9-ac67-c6e2922ef35d
120	unread	2019-08-24 11:52:08	99	0e3c90e1-2996-44ca-82e5-83c44d19f8c0	93327cea-5c16-476b-a267-f72395a4c1c6
121	unread	2019-08-24 11:52:08	99	4f4f8d10-2e65-4985-ba8f-17535bef8532	93327cea-5c16-476b-a267-f72395a4c1c6
122	unread	2019-08-24 11:52:17	99	4f4f8d10-2e65-4985-ba8f-17535bef8532	93327cea-5c16-476b-a267-f72395a4c1c6
32	read	2019-07-23 12:10:42	102	43c36a04-707d-4ef8-abd2-875784aee0e0	93327cea-5c16-476b-a267-f72395a4c1c6
5	read	2019-07-22 17:00:10	29	4b0c3664-93b3-4016-82a9-a474f6f6cb05	f4436180-46d5-42fe-b0db-8a25d745d685
34	read	2019-07-23 12:50:10	29	4b0c3664-93b3-4016-82a9-a474f6f6cb05	f4436180-46d5-42fe-b0db-8a25d745d685
35	read	2019-07-23 12:51:51	29	4b0c3664-93b3-4016-82a9-a474f6f6cb05	f4436180-46d5-42fe-b0db-8a25d745d685
36	read	2019-07-23 12:55:13	29	43c36a04-707d-4ef8-abd2-875784aee0e0	f4436180-46d5-42fe-b0db-8a25d745d685
37	read	2019-07-23 12:55:13	29	4b0c3664-93b3-4016-82a9-a474f6f6cb05	f4436180-46d5-42fe-b0db-8a25d745d685
53	read	2019-07-26 16:14:24	29	0e3c90e1-2996-44ca-82e5-83c44d19f8c0	f4436180-46d5-42fe-b0db-8a25d745d685
54	read	2019-07-26 16:14:24	29	4b0c3664-93b3-4016-82a9-a474f6f6cb05	f4436180-46d5-42fe-b0db-8a25d745d685
12	read	2019-07-22 22:07:02	95	43c36a04-707d-4ef8-abd2-875784aee0e0	6c129d46-49a0-48f9-ac67-c6e2922ef35d
13	read	2019-07-22 22:07:02	95	4b0c3664-93b3-4016-82a9-a474f6f6cb05	6c129d46-49a0-48f9-ac67-c6e2922ef35d
33	read	2019-07-23 12:49:32	102	43c36a04-707d-4ef8-abd2-875784aee0e0	93327cea-5c16-476b-a267-f72395a4c1c6
14	read	2019-07-22 22:07:02	95	4f4f8d10-2e65-4985-ba8f-17535bef8532	6c129d46-49a0-48f9-ac67-c6e2922ef35d
107	unread	2019-07-31 11:20:02	64	43c36a04-707d-4ef8-abd2-875784aee0e0	93327cea-5c16-476b-a267-f72395a4c1c6
108	unread	2019-07-31 11:20:02	64	0e3c90e1-2996-44ca-82e5-83c44d19f8c0	93327cea-5c16-476b-a267-f72395a4c1c6
22	read	2019-07-22 22:12:48	96	0e3057f2-05d2-4189-815a-1383f44ce81b	4906248b-447f-4d29-a445-ffe313f9e53e
23	read	2019-07-22 22:13:20	96	0e3057f2-05d2-4189-815a-1383f44ce81b	4906248b-447f-4d29-a445-ffe313f9e53e
24	read	2019-07-22 22:13:20	96	43c36a04-707d-4ef8-abd2-875784aee0e0	4906248b-447f-4d29-a445-ffe313f9e53e
55	read	2019-07-26 16:14:26	29	0e3c90e1-2996-44ca-82e5-83c44d19f8c0	f4436180-46d5-42fe-b0db-8a25d745d685
56	read	2019-07-26 16:14:26	29	4b0c3664-93b3-4016-82a9-a474f6f6cb05	f4436180-46d5-42fe-b0db-8a25d745d685
44	read	2019-07-26 12:00:37	99	0e3c90e1-2996-44ca-82e5-83c44d19f8c0	93327cea-5c16-476b-a267-f72395a4c1c6
109	unread	2019-07-31 11:20:02	64	43c36a04-707d-4ef8-abd2-875784aee0e0	93327cea-5c16-476b-a267-f72395a4c1c6
43	read	2019-07-25 17:54:38	31	0e3c90e1-2996-44ca-82e5-83c44d19f8c0	f4436180-46d5-42fe-b0db-8a25d745d685
71	read	2019-07-29 14:19:26	105	0e3c90e1-2996-44ca-82e5-83c44d19f8c0	f4436180-46d5-42fe-b0db-8a25d745d685
72	read	2019-07-29 14:19:26	105	4b0c3664-93b3-4016-82a9-a474f6f6cb05	f4436180-46d5-42fe-b0db-8a25d745d685
1	read	2019-07-22 14:24:29	60	0e3c90e1-2996-44ca-82e5-83c44d19f8c0	04c38f54-36ac-4e6f-a86f-c721efec224a
75	read	2019-07-30 00:13:19	108	43c36a04-707d-4ef8-abd2-875784aee0e0	93327cea-5c16-476b-a267-f72395a4c1c6
77	read	2019-07-30 00:13:19	108	4b0c3664-93b3-4016-82a9-a474f6f6cb05	93327cea-5c16-476b-a267-f72395a4c1c6
4	unread	2019-07-22 15:38:38	55	0e3057f2-05d2-4189-815a-1383f44ce81b	4906248b-447f-4d29-a445-ffe313f9e53e
20	unread	2019-07-22 22:09:12	55	0e3057f2-05d2-4189-815a-1383f44ce81b	4906248b-447f-4d29-a445-ffe313f9e53e
21	unread	2019-07-22 22:09:12	55	43c36a04-707d-4ef8-abd2-875784aee0e0	4906248b-447f-4d29-a445-ffe313f9e53e
39	read	2019-07-25 11:42:10	103	43c36a04-707d-4ef8-abd2-875784aee0e0	93327cea-5c16-476b-a267-f72395a4c1c6
79	read	2019-07-30 16:23:58	103	0e3c90e1-2996-44ca-82e5-83c44d19f8c0	93327cea-5c16-476b-a267-f72395a4c1c6
82	read	2019-07-30 16:24:00	103	4b0c3664-93b3-4016-82a9-a474f6f6cb05	93327cea-5c16-476b-a267-f72395a4c1c6
85	read	2019-07-30 16:24:01	103	0e3c90e1-2996-44ca-82e5-83c44d19f8c0	93327cea-5c16-476b-a267-f72395a4c1c6
88	read	2019-07-30 16:24:02	103	4b0c3664-93b3-4016-82a9-a474f6f6cb05	93327cea-5c16-476b-a267-f72395a4c1c6
91	read	2019-07-30 16:24:03	103	4b0c3664-93b3-4016-82a9-a474f6f6cb05	93327cea-5c16-476b-a267-f72395a4c1c6
78	read	2019-07-30 00:15:22	109	4b0c3664-93b3-4016-82a9-a474f6f6cb05	9a619743-1eb8-4c09-9aa7-2bb7bbc76f72
47	unread	2019-07-26 12:01:55	104	0e3c90e1-2996-44ca-82e5-83c44d19f8c0	93327cea-5c16-476b-a267-f72395a4c1c6
48	unread	2019-07-26 12:01:55	104	4b0c3664-93b3-4016-82a9-a474f6f6cb05	93327cea-5c16-476b-a267-f72395a4c1c6
49	unread	2019-07-26 12:01:55	104	43c36a04-707d-4ef8-abd2-875784aee0e0	93327cea-5c16-476b-a267-f72395a4c1c6
50	unread	2019-07-26 12:02:02	104	43c36a04-707d-4ef8-abd2-875784aee0e0	93327cea-5c16-476b-a267-f72395a4c1c6
51	unread	2019-07-26 12:02:02	104	0e3c90e1-2996-44ca-82e5-83c44d19f8c0	93327cea-5c16-476b-a267-f72395a4c1c6
52	unread	2019-07-26 12:02:02	104	4b0c3664-93b3-4016-82a9-a474f6f6cb05	93327cea-5c16-476b-a267-f72395a4c1c6
123	unread	2019-08-24 11:52:17	99	0e3c90e1-2996-44ca-82e5-83c44d19f8c0	93327cea-5c16-476b-a267-f72395a4c1c6
93	unread	2019-07-30 22:55:33	110	4b0c3664-93b3-4016-82a9-a474f6f6cb05	9a619743-1eb8-4c09-9aa7-2bb7bbc76f72
95	unread	2019-07-30 22:55:39	32	4b0c3664-93b3-4016-82a9-a474f6f6cb05	9a619743-1eb8-4c09-9aa7-2bb7bbc76f72
112	unread	2019-07-31 11:20:43	104	0e3c90e1-2996-44ca-82e5-83c44d19f8c0	93327cea-5c16-476b-a267-f72395a4c1c6
113	unread	2019-07-31 11:20:43	104	43c36a04-707d-4ef8-abd2-875784aee0e0	93327cea-5c16-476b-a267-f72395a4c1c6
116	unread	2019-08-04 05:00:05	111	0e3c90e1-2996-44ca-82e5-83c44d19f8c0	93327cea-5c16-476b-a267-f72395a4c1c6
117	unread	2019-08-04 05:00:05	111	43c36a04-707d-4ef8-abd2-875784aee0e0	93327cea-5c16-476b-a267-f72395a4c1c6
101	read	2019-07-31 11:18:40	98	43c36a04-707d-4ef8-abd2-875784aee0e0	93327cea-5c16-476b-a267-f72395a4c1c6
38	read	2019-07-23 13:31:46	98	43c36a04-707d-4ef8-abd2-875784aee0e0	93327cea-5c16-476b-a267-f72395a4c1c6
45	read	2019-07-26 12:00:37	99	4b0c3664-93b3-4016-82a9-a474f6f6cb05	93327cea-5c16-476b-a267-f72395a4c1c6
46	read	2019-07-26 12:00:37	99	43c36a04-707d-4ef8-abd2-875784aee0e0	93327cea-5c16-476b-a267-f72395a4c1c6
110	read	2019-07-31 11:20:17	99	0e3c90e1-2996-44ca-82e5-83c44d19f8c0	93327cea-5c16-476b-a267-f72395a4c1c6
57	read	2019-07-26 16:14:27	29	0e3c90e1-2996-44ca-82e5-83c44d19f8c0	f4436180-46d5-42fe-b0db-8a25d745d685
58	read	2019-07-26 16:14:27	29	4b0c3664-93b3-4016-82a9-a474f6f6cb05	f4436180-46d5-42fe-b0db-8a25d745d685
59	read	2019-07-26 16:14:29	29	0e3c90e1-2996-44ca-82e5-83c44d19f8c0	f4436180-46d5-42fe-b0db-8a25d745d685
60	read	2019-07-26 16:14:29	29	4b0c3664-93b3-4016-82a9-a474f6f6cb05	f4436180-46d5-42fe-b0db-8a25d745d685
61	read	2019-07-26 16:15:01	29	0e3c90e1-2996-44ca-82e5-83c44d19f8c0	f4436180-46d5-42fe-b0db-8a25d745d685
62	read	2019-07-26 16:15:01	29	4b0c3664-93b3-4016-82a9-a474f6f6cb05	f4436180-46d5-42fe-b0db-8a25d745d685
63	read	2019-07-29 13:45:51	29	0e3c90e1-2996-44ca-82e5-83c44d19f8c0	f4436180-46d5-42fe-b0db-8a25d745d685
64	read	2019-07-29 13:45:51	29	4b0c3664-93b3-4016-82a9-a474f6f6cb05	f4436180-46d5-42fe-b0db-8a25d745d685
65	read	2019-07-29 13:46:02	29	0e3c90e1-2996-44ca-82e5-83c44d19f8c0	f4436180-46d5-42fe-b0db-8a25d745d685
66	read	2019-07-29 13:46:02	29	4b0c3664-93b3-4016-82a9-a474f6f6cb05	f4436180-46d5-42fe-b0db-8a25d745d685
67	read	2019-07-29 13:46:06	29	0e3c90e1-2996-44ca-82e5-83c44d19f8c0	f4436180-46d5-42fe-b0db-8a25d745d685
68	read	2019-07-29 13:46:06	29	4b0c3664-93b3-4016-82a9-a474f6f6cb05	f4436180-46d5-42fe-b0db-8a25d745d685
69	read	2019-07-29 13:46:12	29	43c36a04-707d-4ef8-abd2-875784aee0e0	f4436180-46d5-42fe-b0db-8a25d745d685
70	read	2019-07-29 13:46:12	29	0e3c90e1-2996-44ca-82e5-83c44d19f8c0	f4436180-46d5-42fe-b0db-8a25d745d685
76	read	2019-07-30 00:13:19	108	0e3c90e1-2996-44ca-82e5-83c44d19f8c0	93327cea-5c16-476b-a267-f72395a4c1c6
73	read	2019-07-29 15:32:56	106	43c36a04-707d-4ef8-abd2-875784aee0e0	6b7e7647-f31c-4808-b47d-ef0102a7b615
80	read	2019-07-30 16:23:58	103	4b0c3664-93b3-4016-82a9-a474f6f6cb05	93327cea-5c16-476b-a267-f72395a4c1c6
81	read	2019-07-30 16:24:00	103	0e3c90e1-2996-44ca-82e5-83c44d19f8c0	93327cea-5c16-476b-a267-f72395a4c1c6
83	read	2019-07-30 16:24:00	103	43c36a04-707d-4ef8-abd2-875784aee0e0	93327cea-5c16-476b-a267-f72395a4c1c6
84	read	2019-07-30 16:24:01	103	43c36a04-707d-4ef8-abd2-875784aee0e0	93327cea-5c16-476b-a267-f72395a4c1c6
86	read	2019-07-30 16:24:01	103	4b0c3664-93b3-4016-82a9-a474f6f6cb05	93327cea-5c16-476b-a267-f72395a4c1c6
15	read	2019-07-22 22:07:22	95	0e3c90e1-2996-44ca-82e5-83c44d19f8c0	6c129d46-49a0-48f9-ac67-c6e2922ef35d
16	read	2019-07-22 22:07:22	95	11043bdc-d485-44d4-b7cb-2579fb1ed8f7	6c129d46-49a0-48f9-ac67-c6e2922ef35d
17	read	2019-07-22 22:07:22	95	43c36a04-707d-4ef8-abd2-875784aee0e0	6c129d46-49a0-48f9-ac67-c6e2922ef35d
18	read	2019-07-22 22:07:22	95	4b0c3664-93b3-4016-82a9-a474f6f6cb05	6c129d46-49a0-48f9-ac67-c6e2922ef35d
19	read	2019-07-22 22:07:22	95	4f4f8d10-2e65-4985-ba8f-17535bef8532	6c129d46-49a0-48f9-ac67-c6e2922ef35d
87	read	2019-07-30 16:24:02	103	0e3c90e1-2996-44ca-82e5-83c44d19f8c0	93327cea-5c16-476b-a267-f72395a4c1c6
89	read	2019-07-30 16:24:02	103	43c36a04-707d-4ef8-abd2-875784aee0e0	93327cea-5c16-476b-a267-f72395a4c1c6
90	read	2019-07-30 16:24:03	103	0e3c90e1-2996-44ca-82e5-83c44d19f8c0	93327cea-5c16-476b-a267-f72395a4c1c6
92	read	2019-07-30 16:24:03	103	43c36a04-707d-4ef8-abd2-875784aee0e0	93327cea-5c16-476b-a267-f72395a4c1c6
74	read	2019-07-29 15:34:50	107	4b0c3664-93b3-4016-82a9-a474f6f6cb05	2a5d737b-5277-4316-a23e-9396d467234e
94	unread	2019-07-30 22:55:33	110	4b0c3664-93b3-4016-82a9-a474f6f6cb05	9a619743-1eb8-4c09-9aa7-2bb7bbc76f72
97	unread	2019-07-31 10:28:47	103	0e3c90e1-2996-44ca-82e5-83c44d19f8c0	93327cea-5c16-476b-a267-f72395a4c1c6
114	read	2019-08-04 04:59:56	98	0e3c90e1-2996-44ca-82e5-83c44d19f8c0	93327cea-5c16-476b-a267-f72395a4c1c6
115	read	2019-08-04 04:59:56	98	43c36a04-707d-4ef8-abd2-875784aee0e0	93327cea-5c16-476b-a267-f72395a4c1c6
100	read	2019-07-31 11:18:40	98	0e3c90e1-2996-44ca-82e5-83c44d19f8c0	93327cea-5c16-476b-a267-f72395a4c1c6
111	read	2019-07-31 11:20:17	99	43c36a04-707d-4ef8-abd2-875784aee0e0	93327cea-5c16-476b-a267-f72395a4c1c6
28	read	2019-07-23 11:24:18	99	43c36a04-707d-4ef8-abd2-875784aee0e0	93327cea-5c16-476b-a267-f72395a4c1c6
29	read	2019-07-23 11:24:42	99	4f4f8d10-2e65-4985-ba8f-17535bef8532	93327cea-5c16-476b-a267-f72395a4c1c6
118	unread	2019-08-04 05:00:52	111	0e3c90e1-2996-44ca-82e5-83c44d19f8c0	93327cea-5c16-476b-a267-f72395a4c1c6
119	unread	2019-08-04 05:00:53	111	0e3c90e1-2996-44ca-82e5-83c44d19f8c0	93327cea-5c16-476b-a267-f72395a4c1c6
124	unread	2019-08-24 12:47:24	98	43c36a04-707d-4ef8-abd2-875784aee0e0	93327cea-5c16-476b-a267-f72395a4c1c6
125	unread	2019-08-24 12:47:24	98	0e3c90e1-2996-44ca-82e5-83c44d19f8c0	93327cea-5c16-476b-a267-f72395a4c1c6
126	unread	2019-08-24 12:47:24	98	b404da8a-a9ce-433a-be52-44610850d2d6	93327cea-5c16-476b-a267-f72395a4c1c6
127	unread	2019-08-24 12:47:26	98	0e3c90e1-2996-44ca-82e5-83c44d19f8c0	93327cea-5c16-476b-a267-f72395a4c1c6
128	unread	2019-08-24 12:47:26	98	b404da8a-a9ce-433a-be52-44610850d2d6	93327cea-5c16-476b-a267-f72395a4c1c6
129	unread	2019-08-24 12:47:26	98	43c36a04-707d-4ef8-abd2-875784aee0e0	93327cea-5c16-476b-a267-f72395a4c1c6
130	unread	2019-08-24 12:47:48	98	0e3c90e1-2996-44ca-82e5-83c44d19f8c0	93327cea-5c16-476b-a267-f72395a4c1c6
131	unread	2019-08-24 12:47:48	98	b404da8a-a9ce-433a-be52-44610850d2d6	93327cea-5c16-476b-a267-f72395a4c1c6
132	unread	2019-08-24 13:31:51	114	b605c8df-c6b8-4c89-80eb-449e4b5951ff	eda61b23-f47d-409f-9c98-51813cd98180
\.


--
-- Data for Name: repos; Type: TABLE DATA; Schema: public; Owner: postgres
--

COPY public.repos (id, name, user_id, issue_count, created_at, updated_at, description, type) FROM stdin;
93327cea-5c16-476b-a267-f72395a4c1c6	test123	43c36a04-707d-4ef8-abd2-875784aee0e0	11	2019-07-10 11:48:05	2019-07-31 10:18:06	wqwe	public
7b02029e-2a6b-4170-9b45-95828a9a7234	badshahMC40MzM5MzM4MTk0NDA3NjMzNw==	0e3c90e1-2996-44ca-82e5-83c44d19f8c0	1	2019-07-19 12:12:14	2019-07-31 11:15:52	songs in 2019	public
59ca6877-061b-49a2-969d-2fb5c9972af5	demodogs	11043bdc-d485-44d4-b7cb-2579fb1ed8f7	1	2019-07-12 16:51:34	2019-07-12 16:52:12		public
5947f374-a4ab-44c0-bdce-dbfb36822f1e	s1	11043bdc-d485-44d4-b7cb-2579fb1ed8f7	1	2019-07-12 16:52:42	2019-07-12 16:52:54		public
21262432-a01c-4dba-85b2-452088d80fb2	s2	11043bdc-d485-44d4-b7cb-2579fb1ed8f7	1	2019-07-12 16:53:13	2019-07-12 16:53:26		public
0b51be6d-2bac-4259-a638-c2e58cd32ca8	sdad	43c36a04-707d-4ef8-abd2-875784aee0e0	1	2019-08-24 12:07:43	2019-08-24 12:07:54	dad	public
d360c6f3-60dc-4846-bb6a-0919a1817d5e	sridhar	ac6f8b68-8f31-48ea-a436-05b9813b484b	29	2019-06-20 12:18:46	2019-07-15 12:23:03	\N	public
324f1ddb-cbbf-4cc3-a5b4-d19474fd85c9	test1	ac6f8b68-8f31-48ea-a436-05b9813b484b	1	2019-06-28 16:51:33	2019-07-15 12:42:54	testing 1	public
04c38f54-36ac-4e6f-a86f-c721efec224a	Test	0e3c90e1-2996-44ca-82e5-83c44d19f8c0	27	2019-07-14 14:15:28	2019-07-19 16:18:56		private
4906248b-447f-4d29-a445-ffe313f9e53e	test	0e3057f2-05d2-4189-815a-1383f44ce81b	2	2019-07-12 16:31:06	2019-07-22 22:12:30	hesere	public
6c129d46-49a0-48f9-ac67-c6e2922ef35d	mike	4f4f8d10-2e65-4985-ba8f-17535bef8532	3	2019-07-12 16:55:57	2019-07-23 11:25:16		public
25aa334c-bfe4-402f-982a-acf5375bff6c	test2	ac6f8b68-8f31-48ea-a436-05b9813b484b	0	2019-06-28 16:54:15	2019-06-28 16:54:15	test32343	public
21952165-eb52-4a7e-a5d6-2b6694a7f9d5	test	ac6f8b68-8f31-48ea-a436-05b9813b484b	1	2019-06-28 16:42:31	2019-07-03 23:09:24		public
b7c335c1-2795-4cb2-96fa-205c06759e87	SRIDHAR KATTA123	ac6f8b68-8f31-48ea-a436-05b9813b484b	0	2019-07-04 15:59:55	2019-07-04 15:59:55	ASDW	public
801d3c40-ca37-4386-9ee6-829352fedf13	Test	9aa0892c-5bf0-4287-9108-ee89837e4c96	0	2019-07-06 11:26:29	2019-07-06 11:26:29		public
d6cd03ea-d2fa-41ea-bbd0-a9379fae6701	Test01	9aa0892c-5bf0-4287-9108-ee89837e4c96	0	2019-07-06 11:26:58	2019-07-06 11:26:58		public
eabda976-8722-47eb-a14c-4e6b686dad34	reas124	9aa0892c-5bf0-4287-9108-ee89837e4c96	1	2019-07-06 11:30:03	2019-07-06 11:30:14		public
9a619743-1eb8-4c09-9aa7-2bb7bbc76f72	dasd3	4b0c3664-93b3-4016-82a9-a474f6f6cb05	3	2019-07-06 11:47:27	2019-07-30 00:16:12		public
eda61b23-f47d-409f-9c98-51813cd98180	helloWorld	b605c8df-c6b8-4c89-80eb-449e4b5951ff	1	2019-08-24 13:31:25	2019-08-24 13:31:46	demo repo	public
771322d8-d8bf-4a6b-b0d6-9434eab29b04	func	14c3c3d5-6c5e-41cb-9af4-cc6e99c0dff1	1	2019-07-08 23:05:01	2019-07-08 23:05:17	hesere	public
86b4c7bb-f951-4004-9246-69dbccde0aa7	stranger things	14c3c3d5-6c5e-41cb-9af4-cc6e99c0dff1	3	2019-07-08 22:59:08	2019-07-09 11:31:34		public
31fbe7df-a2f8-4cd9-b37e-7f6e38a7d198	justforfunc	14c3c3d5-6c5e-41cb-9af4-cc6e99c0dff1	4	2019-07-08 23:05:49	2019-07-09 21:07:07		public
18a4eb68-dc90-414b-ab1a-52fa28a92c1d	ssssss	0e3c90e1-2996-44ca-82e5-83c44d19f8c0	6	2019-07-10 12:01:04	2019-07-10 12:02:34	sss	public
69ebac1d-6468-49e9-91bb-e6e03363c697	badshah	0e3c90e1-2996-44ca-82e5-83c44d19f8c0	0	2019-07-19 11:15:30	2019-07-19 11:15:30	songs in 2019	public
030b76b1-15b6-4c99-b49e-9919758dc1eb	funny	0e3c90e1-2996-44ca-82e5-83c44d19f8c0	9	2019-07-06 15:30:45	2019-07-19 17:00:06		public
f4436180-46d5-42fe-b0db-8a25d745d685	Testssd	4b0c3664-93b3-4016-82a9-a474f6f6cb05	4	2019-07-06 11:46:11	2019-07-29 14:19:26		public
6b7e7647-f31c-4808-b47d-ef0102a7b615	Testing of reponame wise notifications	43c36a04-707d-4ef8-abd2-875784aee0e0	1	2019-07-29 15:32:37	2019-07-29 15:32:56		public
2a5d737b-5277-4316-a23e-9396d467234e	Testing-of-reponame-wise-notifications	4b0c3664-93b3-4016-82a9-a474f6f6cb05	1	2019-07-29 15:34:38	2019-07-29 15:34:50		public
\.


--
-- Data for Name: users; Type: TABLE DATA; Schema: public; Owner: postgres
--

COPY public.users (id, name, username, email, created_at, updated_at, password, image) FROM stdin;
5840ad88-376b-4427-b87b-34b181873604	hari	Hari_Phi	hari@techieyantechnologies.com	2019-08-24 11:50:15	2019-08-24 11:50:15	22642726	https://randomuser.me/api/portraits/men/95.jpg
b605c8df-c6b8-4c89-80eb-449e4b5951ff	Kapil Rijhwani	kapil.rijhwani	kapil.rijhwani@gmail.com	2019-08-24 13:30:36	2019-08-24 13:30:36	welcome123	http://pbs.twimg.com/profile_images/440112070260846593/JvCoSCcg.jpeg
0e3c90e1-2996-44ca-82e5-83c44d19f8c0	SRIDHAR KATT	Sridhar1997	kattasridhar021@gmail.com	2019-06-28 18:47:32	2019-06-28 18:47:32	8082	https://tinyfac.es/data/avatars/475605E3-69C5-4D2B-8727-61B7BB8C4699-500w.jpeg
e260c9e3-b8a1-4a58-a4cc-d2c4920f541b	Test	vramana	idlike2dream@gmail.com	2019-06-28 18:48:50	2019-06-28 18:48:50	1234	https://tinyfac.es/data/avatars/475605E3-69C5-4D2B-8727-61B7BB8C4699-500w.jpeg
75280698-5786-490e-bdb7-e0536068dce3	Test			2019-06-28 18:50:36	2019-06-28 18:50:36		https://tinyfac.es/data/avatars/475605E3-69C5-4D2B-8727-61B7BB8C4699-500w.jpeg
6b68d843-92fb-42fa-be67-e21a32db343e	test	erewr	d@gmail.com	2019-06-28 18:53:12	2019-06-28 18:53:12	aqweq	https://tinyfac.es/data/avatars/475605E3-69C5-4D2B-8727-61B7BB8C4699-500w.jpeg
9aa0892c-5bf0-4287-9108-ee89837e4c96	sridhar	katta	katta@123.com	2019-07-01 18:19:55	2019-07-01 18:19:55	FsQkf4fG2jTY78U	https://images.unsplash.com/photo-1488426862026-3ee34a7d66df?ixlib=rb-0.3.5&q=80&fm=jpg&crop=entropy&cs=tinysrgb&w=200&fit=max&s=d5849d81af587a09dbcf3f11f6fa122f
43c36a04-707d-4ef8-abd2-875784aee0e0	dddddddddddd	DONE	katta02@GMAIL.COM	2019-07-06 09:30:31	2019-07-06 09:30:31	j25p4e9EjzEnscL	https://randomuser.me/api/portraits/women/76.jpg
4b0c3664-93b3-4016-82a9-a474f6f6cb05	dddddddddddd	DONE456	katta021234@GMAIL.COM	2019-07-06 09:32:41	2019-07-06 09:32:41	x49b9LgbxdU7g2B	https://randomuser.me/api/portraits/women/26.jpg
ac6f8b68-8f31-48ea-a436-05b9813b484b	sridhar	sridhar02	kattasridhar02@gmail.com	2019-06-20 12:18:29	2019-06-20 12:18:29	9550880047	https://tinyfac.es/data/avatars/475605E3-69C5-4D2B-8727-61B7BB8C4699-500w.jpeg
ac6f8b68-8f31-48ea-a436-05b9813b484a	Katta Sridhar	sri	test@example.com	0001-01-01 00:00:00	0001-01-01 00:00:00	9550880047	https://tinyfac.es/data/avatars/475605E3-69C5-4D2B-8727-61B7BB8C4699-500w.jpeg
14c3c3d5-6c5e-41cb-9af4-cc6e99c0dff1	sridhar	sri002	ratnam19938@gmail.com	2019-07-01 16:11:42	2019-07-01 16:11:42	MtPsNxpqpk2iLE2	https://randomuser.me/api/portraits/women/75.jpg
0e3057f2-05d2-4189-815a-1383f44ce81b	func	func02	func@gmail.com	2019-07-12 16:30:40	2019-07-12 16:30:40	xLCebraY22BqtZv	https://images.unsplash.com/photo-1506085452766-c330853bea50?ixlib=rb-0.3.5&q=80&fm=jpg&crop=entropy&cs=tinysrgb&w=200&fit=max&s=3e378252a934e660f231666b51bd269a
11043bdc-d485-44d4-b7cb-2579fb1ed8f7	mike	mike	mike@gmail.com	2019-07-12 16:51:06	2019-07-12 16:51:06	TW4QHtrYE6MURLe	https://randomuser.me/api/portraits/women/79.jpg
4f4f8d10-2e65-4985-ba8f-17535bef8532	eleven	el	el@gmail.com	2019-07-12 16:55:38	2019-07-12 16:55:38	yNt756iHGyaSNr7	https://randomuser.me/api/portraits/men/32.jpg
b404da8a-a9ce-433a-be52-44610850d2d6	sridhar	sri02	ratnam1998@gmail.com	2019-07-01 16:08:39	2019-07-01 16:08:39	bjqb9b2fTMX3T7z	https://randomuser.me/api/portraits/women/39.jpg
5a4ac74d-e511-4231-927f-cb3b2def7cb9	dp	dp2631	dp160610@gmail.com	2019-07-19 10:32:14	2019-07-19 10:32:14	func2811	https://tinyfac.es/data/avatars/B0298C36-9751-48EF-BE15-80FB9CD11143-500w.jpeg
201e5112-9522-42fd-8050-c199dbb3d16f	dp	dp	dp16060@gmail.com	2019-07-19 10:35:42	2019-07-19 10:35:42	func2811	https://randomuser.me/api/portraits/men/32.jpg
defccaf2-9f9f-473f-90f0-56c804bf3d7e	dp	dp1	dp1600@gmail.com	2019-07-19 10:37:22	2019-07-19 10:37:22	func2811	https://randomuser.me/api/portraits/women/68.jpg
40588fa5-5dee-4a6f-a978-0ec03fc6e0fe	dp	dp21	dp100@gmail.com	2019-07-19 10:37:57	2019-07-19 10:37:57	func2811	https://randomuser.me/api/portraits/men/97.jpg
a2042cb0-8cfa-40fb-93ae-d8973ec43ab2	dpMC4wMTMyNDM1NzA0ODUyMjA1MTM=	dp21MC4wMTMyNDM1NzA0ODUyMjA1MTM=	dp100MC4wMTMyNDM1NzA0ODUyMjA1MTM=@gmail.com	2019-07-19 11:05:11	2019-07-19 11:05:11	func2811	https://images.unsplash.com/photo-1498529605908-f357a9af7bf5?ixlib=rb-0.3.5&q=80&fm=jpg&crop=entropy&cs=tinysrgb&w=200&fit=max&s=047fade70e80ebb22ac8f09c04872c40
\.


--
-- Name: comments_id_seq; Type: SEQUENCE SET; Schema: public; Owner: postgres
--

SELECT pg_catalog.setval('public.comments_id_seq', 168, true);


--
-- Name: issues_id_seq; Type: SEQUENCE SET; Schema: public; Owner: postgres
--

SELECT pg_catalog.setval('public.issues_id_seq', 114, true);


--
-- Name: notifications_id_seq; Type: SEQUENCE SET; Schema: public; Owner: postgres
--

SELECT pg_catalog.setval('public.notifications_id_seq', 132, true);


--
-- Name: comments comments_pkey; Type: CONSTRAINT; Schema: public; Owner: postgres
--

ALTER TABLE ONLY public.comments
    ADD CONSTRAINT comments_pkey PRIMARY KEY (id);


--
-- Name: cookies cookies_pkey; Type: CONSTRAINT; Schema: public; Owner: postgres
--

ALTER TABLE ONLY public.cookies
    ADD CONSTRAINT cookies_pkey PRIMARY KEY (id);


--
-- Name: issues issues_pkey; Type: CONSTRAINT; Schema: public; Owner: postgres
--

ALTER TABLE ONLY public.issues
    ADD CONSTRAINT issues_pkey PRIMARY KEY (id);


--
-- Name: notifications notifications_pkey; Type: CONSTRAINT; Schema: public; Owner: postgres
--

ALTER TABLE ONLY public.notifications
    ADD CONSTRAINT notifications_pkey PRIMARY KEY (id);


--
-- Name: repos repos_pkey; Type: CONSTRAINT; Schema: public; Owner: postgres
--

ALTER TABLE ONLY public.repos
    ADD CONSTRAINT repos_pkey PRIMARY KEY (id);


--
-- Name: collaborators unique_collaborator; Type: CONSTRAINT; Schema: public; Owner: postgres
--

ALTER TABLE ONLY public.collaborators
    ADD CONSTRAINT unique_collaborator UNIQUE (repo_id, user_id);


--
-- Name: users unique_email_address; Type: CONSTRAINT; Schema: public; Owner: postgres
--

ALTER TABLE ONLY public.users
    ADD CONSTRAINT unique_email_address UNIQUE (email);


--
-- Name: repos unique_user_id; Type: CONSTRAINT; Schema: public; Owner: postgres
--

ALTER TABLE ONLY public.repos
    ADD CONSTRAINT unique_user_id UNIQUE (user_id, name);


--
-- Name: users unique_username; Type: CONSTRAINT; Schema: public; Owner: postgres
--

ALTER TABLE ONLY public.users
    ADD CONSTRAINT unique_username UNIQUE (username);


--
-- Name: users users_pkey; Type: CONSTRAINT; Schema: public; Owner: postgres
--

ALTER TABLE ONLY public.users
    ADD CONSTRAINT users_pkey PRIMARY KEY (id);


--
-- Name: name_index; Type: INDEX; Schema: public; Owner: postgres
--

CREATE INDEX name_index ON public.repos USING btree (name);


--
-- Name: collaborators collaborators_repo_id_fkey; Type: FK CONSTRAINT; Schema: public; Owner: postgres
--

ALTER TABLE ONLY public.collaborators
    ADD CONSTRAINT collaborators_repo_id_fkey FOREIGN KEY (repo_id) REFERENCES public.repos(id);


--
-- Name: collaborators collaborators_user_id_fkey; Type: FK CONSTRAINT; Schema: public; Owner: postgres
--

ALTER TABLE ONLY public.collaborators
    ADD CONSTRAINT collaborators_user_id_fkey FOREIGN KEY (user_id) REFERENCES public.users(id);


--
-- Name: comments comments_issue_id_fkey; Type: FK CONSTRAINT; Schema: public; Owner: postgres
--

ALTER TABLE ONLY public.comments
    ADD CONSTRAINT comments_issue_id_fkey FOREIGN KEY (issue_id) REFERENCES public.issues(id);


--
-- Name: comments comments_repo_id_fkey; Type: FK CONSTRAINT; Schema: public; Owner: postgres
--

ALTER TABLE ONLY public.comments
    ADD CONSTRAINT comments_repo_id_fkey FOREIGN KEY (repo_id) REFERENCES public.repos(id);


--
-- Name: comments comments_user_id_fkey; Type: FK CONSTRAINT; Schema: public; Owner: postgres
--

ALTER TABLE ONLY public.comments
    ADD CONSTRAINT comments_user_id_fkey FOREIGN KEY (user_id) REFERENCES public.users(id);


--
-- Name: cookies cookies_user_id_fkey; Type: FK CONSTRAINT; Schema: public; Owner: postgres
--

ALTER TABLE ONLY public.cookies
    ADD CONSTRAINT cookies_user_id_fkey FOREIGN KEY (user_id) REFERENCES public.users(id);


--
-- Name: issues issues_repo_id_fkey; Type: FK CONSTRAINT; Schema: public; Owner: postgres
--

ALTER TABLE ONLY public.issues
    ADD CONSTRAINT issues_repo_id_fkey FOREIGN KEY (repo_id) REFERENCES public.repos(id);


--
-- Name: issues issues_user_id_fkey; Type: FK CONSTRAINT; Schema: public; Owner: postgres
--

ALTER TABLE ONLY public.issues
    ADD CONSTRAINT issues_user_id_fkey FOREIGN KEY (user_id) REFERENCES public.users(id);


--
-- Name: notifications notifications_issue_id_fkey; Type: FK CONSTRAINT; Schema: public; Owner: postgres
--

ALTER TABLE ONLY public.notifications
    ADD CONSTRAINT notifications_issue_id_fkey FOREIGN KEY (issue_id) REFERENCES public.issues(id);


--
-- Name: notifications notifications_repo_id_fkey; Type: FK CONSTRAINT; Schema: public; Owner: postgres
--

ALTER TABLE ONLY public.notifications
    ADD CONSTRAINT notifications_repo_id_fkey FOREIGN KEY (repo_id) REFERENCES public.repos(id);


--
-- Name: notifications notifications_user_id_fkey; Type: FK CONSTRAINT; Schema: public; Owner: postgres
--

ALTER TABLE ONLY public.notifications
    ADD CONSTRAINT notifications_user_id_fkey FOREIGN KEY (user_id) REFERENCES public.users(id);


--
-- Name: repos repos_user_id_fkey; Type: FK CONSTRAINT; Schema: public; Owner: postgres
--

ALTER TABLE ONLY public.repos
    ADD CONSTRAINT repos_user_id_fkey FOREIGN KEY (user_id) REFERENCES public.users(id);


--
-- PostgreSQL database dump complete
--

